material_id,plant_id,period_week,forecasted_demand_units
MAT_001,PLANT_01,W01,762
MAT_001,PLANT_01,W02,733
MAT_001,PLANT_01,W03,816
MAT_001,PLANT_01,W04,792
MAT_001,PLANT_01,W05,784
MAT_001,PLANT_01,W06,823
MAT_001,PLANT_01,W07,856
MAT_001,PLANT_01,W08,846
MAT_001,PLANT_01,W09,781
MAT_001,PLANT_01,W10,867
MAT_001,PLANT_01,W11,880
MAT_001,PLANT_01,W12,903
MAT_001,PLANT_02,W01,688
MAT_001,PLANT_02,W02,775
MAT_001,PLANT_02,W03,691
MAT_001,PLANT_02,W04,756
MAT_001,PLANT_02,W05,701
MAT_001,PLANT_02,W06,780
MAT_001,PLANT_02,W07,787
MAT_001,PLANT_02,W08,741
MAT_001,PLANT_02,W09,730
MAT_001,PLANT_02,W10,753
MAT_001,PLANT_02,W11,748
MAT_001,PLANT_02,W12,812
MAT_001,PLANT_03,W01,1314
MAT_001,PLANT_03,W02,1385
MAT_001,PLANT_03,W03,1387
MAT_001,PLANT_03,W04,1287
MAT_001,PLANT_03,W05,1294
MAT_001,PLANT_03,W06,1447
MAT_001,PLANT_03,W07,1355
MAT_001,PLANT_03,W08,1501
MAT_001,PLANT_03,W09,1492
MAT_001,PLANT_03,W10,1352
MAT_001,PLANT_03,W11,1531
MAT_001,PLANT_03,W12,1435
MAT_001,PLANT_04,W01,702
MAT_001,PLANT_04,W02,794
MAT_001,PLANT_04,W03,762
MAT_001,PLANT_04,W04,755
MAT_001,PLANT_04,W05,766
MAT_001,PLANT_04,W06,721
MAT_001,PLANT_04,W07,824
MAT_001,PLANT_04,W08,752
MAT_001,PLANT_04,W09,760
MAT_001,PLANT_04,W10,840
MAT_001,PLANT_04,W11,863
MAT_001,PLANT_04,W12,846
MAT_001,PLANT_05,W01,799
MAT_001,PLANT_05,W02,847
MAT_001,PLANT_05,W03,795
MAT_001,PLANT_05,W04,914
MAT_001,PLANT_05,W05,841
MAT_001,PLANT_05,W06,882
MAT_001,PLANT_05,W07,880
MAT_001,PLANT_05,W08,859
MAT_001,PLANT_05,W09,973
MAT_001,PLANT_05,W10,974
MAT_001,PLANT_05,W11,943
MAT_001,PLANT_05,W12,1001
MAT_002,PLANT_01,W01,2168
MAT_002,PLANT_01,W02,2048
MAT_002,PLANT_01,W03,2081
MAT_002,PLANT_01,W04,2332
MAT_002,PLANT_01,W05,2156
MAT_002,PLANT_01,W06,2353
MAT_002,PLANT_01,W07,2292
MAT_002,PLANT_01,W08,2164
MAT_002,PLANT_01,W09,2377
MAT_002,PLANT_01,W10,2193
MAT_002,PLANT_01,W11,2276
MAT_002,PLANT_01,W12,2400
MAT_002,PLANT_02,W01,744
MAT_002,PLANT_02,W02,654
MAT_002,PLANT_02,W03,706
MAT_002,PLANT_02,W04,694
MAT_002,PLANT_02,W05,765
MAT_002,PLANT_02,W06,716
MAT_002,PLANT_02,W07,749
MAT_002,PLANT_02,W08,697
MAT_002,PLANT_02,W09,727
MAT_002,PLANT_02,W10,776
MAT_002,PLANT_02,W11,755
MAT_002,PLANT_02,W12,799
MAT_002,PLANT_03,W01,1517
MAT_002,PLANT_03,W02,1685
MAT_002,PLANT_03,W03,1710
MAT_002,PLANT_03,W04,1674
MAT_002,PLANT_03,W05,1682
MAT_002,PLANT_03,W06,1654
MAT_002,PLANT_03,W07,1735
MAT_002,PLANT_03,W08,1593
MAT_002,PLANT_03,W09,1806
MAT_002,PLANT_03,W10,1599
MAT_002,PLANT_03,W11,1746
MAT_002,PLANT_03,W12,1788
MAT_002,PLANT_04,W01,2141
MAT_002,PLANT_04,W02,2190
MAT_002,PLANT_04,W03,1907
MAT_002,PLANT_04,W04,2143
MAT_002,PLANT_04,W05,2229
MAT_002,PLANT_04,W06,2214
MAT_002,PLANT_04,W07,2037
MAT_002,PLANT_04,W08,2199
MAT_002,PLANT_04,W09,2129
MAT_002,PLANT_04,W10,2235
MAT_002,PLANT_04,W11,2120
MAT_002,PLANT_04,W12,2447
MAT_002,PLANT_05,W01,1984
MAT_002,PLANT_05,W02,1931
MAT_002,PLANT_05,W03,2017
MAT_002,PLANT_05,W04,2244
MAT_002,PLANT_05,W05,2127
MAT_002,PLANT_05,W06,2310
MAT_002,PLANT_05,W07,2191
MAT_002,PLANT_05,W08,2311
MAT_002,PLANT_05,W09,2281
MAT_002,PLANT_05,W10,2280
MAT_002,PLANT_05,W11,2349
MAT_002,PLANT_05,W12,2293
MAT_003,PLANT_01,W01,1831
MAT_003,PLANT_01,W02,1814
MAT_003,PLANT_01,W03,1990
MAT_003,PLANT_01,W04,1800
MAT_003,PLANT_01,W05,1829
MAT_003,PLANT_01,W06,1867
MAT_003,PLANT_01,W07,2029
MAT_003,PLANT_01,W08,2022
MAT_003,PLANT_01,W09,2054
MAT_003,PLANT_01,W10,1954
MAT_003,PLANT_01,W11,1963
MAT_003,PLANT_01,W12,1927
MAT_003,PLANT_02,W01,955
MAT_003,PLANT_02,W02,1071
MAT_003,PLANT_02,W03,975
MAT_003,PLANT_02,W04,987
MAT_003,PLANT_02,W05,1055
MAT_003,PLANT_02,W06,1045
MAT_003,PLANT_02,W07,1026
MAT_003,PLANT_02,W08,1077
MAT_003,PLANT_02,W09,1156
MAT_003,PLANT_02,W10,1116
MAT_003,PLANT_02,W11,1130
MAT_003,PLANT_02,W12,1206
MAT_003,PLANT_03,W01,741
MAT_003,PLANT_03,W02,817
MAT_003,PLANT_03,W03,844
MAT_003,PLANT_03,W04,837
MAT_003,PLANT_03,W05,764
MAT_003,PLANT_03,W06,874
MAT_003,PLANT_03,W07,819
MAT_003,PLANT_03,W08,799
MAT_003,PLANT_03,W09,828
MAT_003,PLANT_03,W10,851
MAT_003,PLANT_03,W11,880
MAT_003,PLANT_03,W12,910
MAT_003,PLANT_04,W01,1189
MAT_003,PLANT_04,W02,1086
MAT_003,PLANT_04,W03,1241
MAT_003,PLANT_04,W04,1236
MAT_003,PLANT_04,W05,1196
MAT_003,PLANT_04,W06,1208
MAT_003,PLANT_04,W07,1140
MAT_003,PLANT_04,W08,1154
MAT_003,PLANT_04,W09,1293
MAT_003,PLANT_04,W10,1185
MAT_003,PLANT_04,W11,1188
MAT_003,PLANT_04,W12,1332
MAT_003,PLANT_05,W01,992
MAT_003,PLANT_05,W02,1122
MAT_003,PLANT_05,W03,1058
MAT_003,PLANT_05,W04,1114
MAT_003,PLANT_05,W05,1130
MAT_003,PLANT_05,W06,1132
MAT_003,PLANT_05,W07,1090
MAT_003,PLANT_05,W08,1196
MAT_003,PLANT_05,W09,1075
MAT_003,PLANT_05,W10,1095
MAT_003,PLANT_05,W11,1249
MAT_003,PLANT_05,W12,1184
MAT_004,PLANT_01,W01,806
MAT_004,PLANT_01,W02,921
MAT_004,PLANT_01,W03,926
MAT_004,PLANT_01,W04,841
MAT_004,PLANT_01,W05,965
MAT_004,PLANT_01,W06,852
MAT_004,PLANT_01,W07,983
MAT_004,PLANT_01,W08,926
MAT_004,PLANT_01,W09,976
MAT_004,PLANT_01,W10,955
MAT_004,PLANT_01,W11,950
MAT_004,PLANT_01,W12,966
MAT_004,PLANT_02,W01,1263
MAT_004,PLANT_02,W02,1273
MAT_004,PLANT_02,W03,1309
MAT_004,PLANT_02,W04,1452
MAT_004,PLANT_02,W05,1288
MAT_004,PLANT_02,W06,1428
MAT_004,PLANT_02,W07,1365
MAT_004,PLANT_02,W08,1391
MAT_004,PLANT_02,W09,1432
MAT_004,PLANT_02,W10,1477
MAT_004,PLANT_02,W11,1389
MAT_004,PLANT_02,W12,1452
MAT_004,PLANT_03,W01,869
MAT_004,PLANT_03,W02,911
MAT_004,PLANT_03,W03,944
MAT_004,PLANT_03,W04,877
MAT_004,PLANT_03,W05,992
MAT_004,PLANT_03,W06,940
MAT_004,PLANT_03,W07,876
MAT_004,PLANT_03,W08,938
MAT_004,PLANT_03,W09,995
MAT_004,PLANT_03,W10,973
MAT_004,PLANT_03,W11,1026
MAT_004,PLANT_03,W12,975
MAT_004,PLANT_04,W01,1758
MAT_004,PLANT_04,W02,1747
MAT_004,PLANT_04,W03,1710
MAT_004,PLANT_04,W04,1770
MAT_004,PLANT_04,W05,1763
MAT_004,PLANT_04,W06,1974
MAT_004,PLANT_04,W07,1962
MAT_004,PLANT_04,W08,1781
MAT_004,PLANT_04,W09,2065
MAT_004,PLANT_04,W10,1956
MAT_004,PLANT_04,W11,2044
MAT_004,PLANT_04,W12,2130
MAT_004,PLANT_05,W01,866
MAT_004,PLANT_05,W02,960
MAT_004,PLANT_05,W03,913
MAT_004,PLANT_05,W04,1006
MAT_004,PLANT_05,W05,1032
MAT_004,PLANT_05,W06,915
MAT_004,PLANT_05,W07,1066
MAT_004,PLANT_05,W08,962
MAT_004,PLANT_05,W09,1066
MAT_004,PLANT_05,W10,1070
MAT_004,PLANT_05,W11,1015
MAT_004,PLANT_05,W12,1098
MAT_005,PLANT_01,W01,2209
MAT_005,PLANT_01,W02,2260
MAT_005,PLANT_01,W03,2319
MAT_005,PLANT_01,W04,2503
MAT_005,PLANT_01,W05,2390
MAT_005,PLANT_01,W06,2505
MAT_005,PLANT_01,W07,2574
MAT_005,PLANT_01,W08,2471
MAT_005,PLANT_01,W09,2580
MAT_005,PLANT_01,W10,2449
MAT_005,PLANT_01,W11,2777
MAT_005,PLANT_01,W12,2764
MAT_005,PLANT_02,W01,2396
MAT_005,PLANT_02,W02,2283
MAT_005,PLANT_02,W03,2244
MAT_005,PLANT_02,W04,2336
MAT_005,PLANT_02,W05,2219
MAT_005,PLANT_02,W06,2297
MAT_005,PLANT_02,W07,2320
MAT_005,PLANT_02,W08,2458
MAT_005,PLANT_02,W09,2295
MAT_005,PLANT_02,W10,2654
MAT_005,PLANT_02,W11,2422
MAT_005,PLANT_02,W12,2423
MAT_005,PLANT_03,W01,1961
MAT_005,PLANT_03,W02,2192
MAT_005,PLANT_03,W03,2239
MAT_005,PLANT_03,W04,1996
MAT_005,PLANT_03,W05,2050
MAT_005,PLANT_03,W06,2259
MAT_005,PLANT_03,W07,2098
MAT_005,PLANT_03,W08,2112
MAT_005,PLANT_03,W09,2275
MAT_005,PLANT_03,W10,2246
MAT_005,PLANT_03,W11,2174
MAT_005,PLANT_03,W12,2408
MAT_005,PLANT_04,W01,1923
MAT_005,PLANT_04,W02,1854
MAT_005,PLANT_04,W03,1940
MAT_005,PLANT_04,W04,1912
MAT_005,PLANT_04,W05,1942
MAT_005,PLANT_04,W06,2213
MAT_005,PLANT_04,W07,2188
MAT_005,PLANT_04,W08,2264
MAT_005,PLANT_04,W09,2190
MAT_005,PLANT_04,W10,2065
MAT_005,PLANT_04,W11,2337
MAT_005,PLANT_04,W12,2274
MAT_005,PLANT_05,W01,1941
MAT_005,PLANT_05,W02,1796
MAT_005,PLANT_05,W03,1926
MAT_005,PLANT_05,W04,1826
MAT_005,PLANT_05,W05,1887
MAT_005,PLANT_05,W06,2023
MAT_005,PLANT_05,W07,1878
MAT_005,PLANT_05,W08,2079
MAT_005,PLANT_05,W09,2167
MAT_005,PLANT_05,W10,2189
MAT_005,PLANT_05,W11,2046
MAT_005,PLANT_05,W12,2247
MAT_006,PLANT_01,W01,1630
MAT_006,PLANT_01,W02,1812
MAT_006,PLANT_01,W03,1922
MAT_006,PLANT_01,W04,1957
MAT_006,PLANT_01,W05,1767
MAT_006,PLANT_01,W06,1886
MAT_006,PLANT_01,W07,2011
MAT_006,PLANT_01,W08,1808
MAT_006,PLANT_01,W09,2000
MAT_006,PLANT_01,W10,1878
MAT_006,PLANT_01,W11,2109
MAT_006,PLANT_01,W12,1900
MAT_006,PLANT_02,W01,821
MAT_006,PLANT_02,W02,811
MAT_006,PLANT_02,W03,828
MAT_006,PLANT_02,W04,788
MAT_006,PLANT_02,W05,757
MAT_006,PLANT_02,W06,791
MAT_006,PLANT_02,W07,861
MAT_006,PLANT_02,W08,827
MAT_006,PLANT_02,W09,891
MAT_006,PLANT_02,W10,892
MAT_006,PLANT_02,W11,818
MAT_006,PLANT_02,W12,876
MAT_006,PLANT_03,W01,1568
MAT_006,PLANT_03,W02,1566
MAT_006,PLANT_03,W03,1492
MAT_006,PLANT_03,W04,1483
MAT_006,PLANT_03,W05,1539
MAT_006,PLANT_03,W06,1453
MAT_006,PLANT_03,W07,1559
MAT_006,PLANT_03,W08,1666
MAT_006,PLANT_03,W09,1634
MAT_006,PLANT_03,W10,1660
MAT_006,PLANT_03,W11,1555
MAT_006,PLANT_03,W12,1552
MAT_006,PLANT_04,W01,2157
MAT_006,PLANT_04,W02,2180
MAT_006,PLANT_04,W03,2298
MAT_006,PLANT_04,W04,2268
MAT_006,PLANT_04,W05,2384
MAT_006,PLANT_04,W06,2616
MAT_006,PLANT_04,W07,2373
MAT_006,PLANT_04,W08,2369
MAT_006,PLANT_04,W09,2720
MAT_006,PLANT_04,W10,2762
MAT_006,PLANT_04,W11,2551
MAT_006,PLANT_04,W12,2820
MAT_006,PLANT_05,W01,1639
MAT_006,PLANT_05,W02,1589
MAT_006,PLANT_05,W03,1665
MAT_006,PLANT_05,W04,1672
MAT_006,PLANT_05,W05,1647
MAT_006,PLANT_05,W06,1569
MAT_006,PLANT_05,W07,1659
MAT_006,PLANT_05,W08,1841
MAT_006,PLANT_05,W09,1717
MAT_006,PLANT_05,W10,1773
MAT_006,PLANT_05,W11,1886
MAT_006,PLANT_05,W12,1807
MAT_007,PLANT_01,W01,1883
MAT_007,PLANT_01,W02,1893
MAT_007,PLANT_01,W03,1858
MAT_007,PLANT_01,W04,2044
MAT_007,PLANT_01,W05,2151
MAT_007,PLANT_01,W06,1960
MAT_007,PLANT_01,W07,2049
MAT_007,PLANT_01,W08,2093
MAT_007,PLANT_01,W09,2075
MAT_007,PLANT_01,W10,2213
MAT_007,PLANT_01,W11,2217
MAT_007,PLANT_01,W12,2115
MAT_007,PLANT_02,W01,621
MAT_007,PLANT_02,W02,674
MAT_007,PLANT_02,W03,717
MAT_007,PLANT_02,W04,672
MAT_007,PLANT_02,W05,643
MAT_007,PLANT_02,W06,720
MAT_007,PLANT_02,W07,695
MAT_007,PLANT_02,W08,747
MAT_007,PLANT_02,W09,690
MAT_007,PLANT_02,W10,737
MAT_007,PLANT_02,W11,718
MAT_007,PLANT_02,W12,724
MAT_007,PLANT_03,W01,1352
MAT_007,PLANT_03,W02,1385
MAT_007,PLANT_03,W03,1361
MAT_007,PLANT_03,W04,1422
MAT_007,PLANT_03,W05,1386
MAT_007,PLANT_03,W06,1412
MAT_007,PLANT_03,W07,1383
MAT_007,PLANT_03,W08,1552
MAT_007,PLANT_03,W09,1550
MAT_007,PLANT_03,W10,1438
MAT_007,PLANT_03,W11,1512
MAT_007,PLANT_03,W12,1572
MAT_007,PLANT_04,W01,2179
MAT_007,PLANT_04,W02,2193
MAT_007,PLANT_04,W03,2317
MAT_007,PLANT_04,W04,2335
MAT_007,PLANT_04,W05,2224
MAT_007,PLANT_04,W06,2290
MAT_007,PLANT_04,W07,2429
MAT_007,PLANT_04,W08,2320
MAT_007,PLANT_04,W09,2486
MAT_007,PLANT_04,W10,2372
MAT_007,PLANT_04,W11,2262
MAT_007,PLANT_04,W12,2571
MAT_007,PLANT_05,W01,1908
MAT_007,PLANT_05,W02,2110
MAT_007,PLANT_05,W03,2117
MAT_007,PLANT_05,W04,2159
MAT_007,PLANT_05,W05,2320
MAT_007,PLANT_05,W06,2069
MAT_007,PLANT_05,W07,2358
MAT_007,PLANT_05,W08,2218
MAT_007,PLANT_05,W09,2408
MAT_007,PLANT_05,W10,2174
MAT_007,PLANT_05,W11,2214
MAT_007,PLANT_05,W12,2232
MAT_008,PLANT_01,W01,678
MAT_008,PLANT_01,W02,748
MAT_008,PLANT_01,W03,696
MAT_008,PLANT_01,W04,766
MAT_008,PLANT_01,W05,733
MAT_008,PLANT_01,W06,764
MAT_008,PLANT_01,W07,709
MAT_008,PLANT_01,W08,789
MAT_008,PLANT_01,W09,798
MAT_008,PLANT_01,W10,713
MAT_008,PLANT_01,W11,757
MAT_008,PLANT_01,W12,766
MAT_008,PLANT_02,W01,1339
MAT_008,PLANT_02,W02,1286
MAT_008,PLANT_02,W03,1381
MAT_008,PLANT_02,W04,1213
MAT_008,PLANT_02,W05,1368
MAT_008,PLANT_02,W06,1360
MAT_008,PLANT_02,W07,1415
MAT_008,PLANT_02,W08,1294
MAT_008,PLANT_02,W09,1317
MAT_008,PLANT_02,W10,1417
MAT_008,PLANT_02,W11,1435
MAT_008,PLANT_02,W12,1528
MAT_008,PLANT_03,W01,859
MAT_008,PLANT_03,W02,822
MAT_008,PLANT_03,W03,772
MAT_008,PLANT_03,W04,806
MAT_008,PLANT_03,W05,848
MAT_008,PLANT_03,W06,833
MAT_008,PLANT_03,W07,851
MAT_008,PLANT_03,W08,857
MAT_008,PLANT_03,W09,880
MAT_008,PLANT_03,W10,905
MAT_008,PLANT_03,W11,842
MAT_008,PLANT_03,W12,882
MAT_008,PLANT_04,W01,910
MAT_008,PLANT_04,W02,930
MAT_008,PLANT_04,W03,901
MAT_008,PLANT_04,W04,911
MAT_008,PLANT_04,W05,991
MAT_008,PLANT_04,W06,974
MAT_008,PLANT_04,W07,893
MAT_008,PLANT_04,W08,965
MAT_008,PLANT_04,W09,946
MAT_008,PLANT_04,W10,972
MAT_008,PLANT_04,W11,978
MAT_008,PLANT_04,W12,1054
MAT_008,PLANT_05,W01,1192
MAT_008,PLANT_05,W02,1249
MAT_008,PLANT_05,W03,1304
MAT_008,PLANT_05,W04,1201
MAT_008,PLANT_05,W05,1368
MAT_008,PLANT_05,W06,1237
MAT_008,PLANT_05,W07,1418
MAT_008,PLANT_05,W08,1328
MAT_008,PLANT_05,W09,1419
MAT_008,PLANT_05,W10,1323
MAT_008,PLANT_05,W11,1367
MAT_008,PLANT_05,W12,1427
MAT_009,PLANT_01,W01,974
MAT_009,PLANT_01,W02,1060
MAT_009,PLANT_01,W03,993
MAT_009,PLANT_01,W04,1016
MAT_009,PLANT_01,W05,1033
MAT_009,PLANT_01,W06,1023
MAT_009,PLANT_01,W07,984
MAT_009,PLANT_01,W08,1112
MAT_009,PLANT_01,W09,1010
MAT_009,PLANT_01,W10,1123
MAT_009,PLANT_01,W11,1086
MAT_009,PLANT_01,W12,1158
MAT_009,PLANT_02,W01,1774
MAT_009,PLANT_02,W02,1566
MAT_009,PLANT_02,W03,1630
MAT_009,PLANT_02,W04,1822
MAT_009,PLANT_02,W05,1843
MAT_009,PLANT_02,W06,1706
MAT_009,PLANT_02,W07,1781
MAT_009,PLANT_02,W08,1925
MAT_009,PLANT_02,W09,1888
MAT_009,PLANT_02,W10,1793
MAT_009,PLANT_02,W11,1960
MAT_009,PLANT_02,W12,1895
MAT_009,PLANT_03,W01,2029
MAT_009,PLANT_03,W02,1978
MAT_009,PLANT_03,W03,1868
MAT_009,PLANT_03,W04,1966
MAT_009,PLANT_03,W05,1975
MAT_009,PLANT_03,W06,2155
MAT_009,PLANT_03,W07,2030
MAT_009,PLANT_03,W08,2076
MAT_009,PLANT_03,W09,2036
MAT_009,PLANT_03,W10,2209
MAT_009,PLANT_03,W11,2055
MAT_009,PLANT_03,W12,2252
MAT_009,PLANT_04,W01,758
MAT_009,PLANT_04,W02,780
MAT_009,PLANT_04,W03,761
MAT_009,PLANT_04,W04,822
MAT_009,PLANT_04,W05,881
MAT_009,PLANT_04,W06,876
MAT_009,PLANT_04,W07,860
MAT_009,PLANT_04,W08,873
MAT_009,PLANT_04,W09,831
MAT_009,PLANT_04,W10,858
MAT_009,PLANT_04,W11,818
MAT_009,PLANT_04,W12,923
MAT_009,PLANT_05,W01,2234
MAT_009,PLANT_05,W02,2188
MAT_009,PLANT_05,W03,2095
MAT_009,PLANT_05,W04,2135
MAT_009,PLANT_05,W05,2379
MAT_009,PLANT_05,W06,2205
MAT_009,PLANT_05,W07,2364
MAT_009,PLANT_05,W08,2507
MAT_009,PLANT_05,W09,2453
MAT_009,PLANT_05,W10,2478
MAT_009,PLANT_05,W11,2353
MAT_009,PLANT_05,W12,2594
MAT_010,PLANT_01,W01,2287
MAT_010,PLANT_01,W02,2279
MAT_010,PLANT_01,W03,2387
MAT_010,PLANT_01,W04,2494
MAT_010,PLANT_01,W05,2578
MAT_010,PLANT_01,W06,2446
MAT_010,PLANT_01,W07,2363
MAT_010,PLANT_01,W08,2545
MAT_010,PLANT_01,W09,2629
MAT_010,PLANT_01,W10,2725
MAT_010,PLANT_01,W11,2578
MAT_010,PLANT_01,W12,2708
MAT_010,PLANT_02,W01,1782
MAT_010,PLANT_02,W02,1923
MAT_010,PLANT_02,W03,1885
MAT_010,PLANT_02,W04,1865
MAT_010,PLANT_02,W05,1869
MAT_010,PLANT_02,W06,1906
MAT_010,PLANT_02,W07,1914
MAT_010,PLANT_02,W08,2048
MAT_010,PLANT_02,W09,2157
MAT_010,PLANT_02,W10,2091
MAT_010,PLANT_02,W11,1976
MAT_010,PLANT_02,W12,2095
MAT_010,PLANT_03,W01,1161
MAT_010,PLANT_03,W02,1158
MAT_010,PLANT_03,W03,1171
MAT_010,PLANT_03,W04,1148
MAT_010,PLANT_03,W05,1172
MAT_010,PLANT_03,W06,1189
MAT_010,PLANT_03,W07,1209
MAT_010,PLANT_03,W08,1210
MAT_010,PLANT_03,W09,1283
MAT_010,PLANT_03,W10,1167
MAT_010,PLANT_03,W11,1208
MAT_010,PLANT_03,W12,1216
MAT_010,PLANT_04,W01,680
MAT_010,PLANT_04,W02,733
MAT_010,PLANT_04,W03,722
MAT_010,PLANT_04,W04,679
MAT_010,PLANT_04,W05,727
MAT_010,PLANT_04,W06,732
MAT_010,PLANT_04,W07,735
MAT_010,PLANT_04,W08,725
MAT_010,PLANT_04,W09,783
MAT_010,PLANT_04,W10,729
MAT_010,PLANT_04,W11,731
MAT_010,PLANT_04,W12,725
MAT_010,PLANT_05,W01,2063
MAT_010,PLANT_05,W02,1870
MAT_010,PLANT_05,W03,1867
MAT_010,PLANT_05,W04,1900
MAT_010,PLANT_05,W05,1964
MAT_010,PLANT_05,W06,2158
MAT_010,PLANT_05,W07,2167
MAT_010,PLANT_05,W08,2010
MAT_010,PLANT_05,W09,2188
MAT_010,PLANT_05,W10,2104
MAT_010,PLANT_05,W11,2051
MAT_010,PLANT_05,W12,2157
MAT_011,PLANT_01,W01,2250
MAT_011,PLANT_01,W02,2122
MAT_011,PLANT_01,W03,2306
MAT_011,PLANT_01,W04,2156
MAT_011,PLANT_01,W05,2255
MAT_011,PLANT_01,W06,2239
MAT_011,PLANT_01,W07,2147
MAT_011,PLANT_01,W08,2150
MAT_011,PLANT_01,W09,2373
MAT_011,PLANT_01,W10,2380
MAT_011,PLANT_01,W11,2419
MAT_011,PLANT_01,W12,2394
MAT_011,PLANT_02,W01,998
MAT_011,PLANT_02,W02,1068
MAT_011,PLANT_02,W03,1003
MAT_011,PLANT_02,W04,1001
MAT_011,PLANT_02,W05,974
MAT_011,PLANT_02,W06,1114
MAT_011,PLANT_02,W07,1011
MAT_011,PLANT_02,W08,1033
MAT_011,PLANT_02,W09,1079
MAT_011,PLANT_02,W10,1116
MAT_011,PLANT_02,W11,1182
MAT_011,PLANT_02,W12,1122
MAT_011,PLANT_03,W01,1319
MAT_011,PLANT_03,W02,1198
MAT_011,PLANT_03,W03,1193
MAT_011,PLANT_03,W04,1258
MAT_011,PLANT_03,W05,1403
MAT_011,PLANT_03,W06,1284
MAT_011,PLANT_03,W07,1248
MAT_011,PLANT_03,W08,1342
MAT_011,PLANT_03,W09,1308
MAT_011,PLANT_03,W10,1436
MAT_011,PLANT_03,W11,1411
MAT_011,PLANT_03,W12,1343
MAT_011,PLANT_04,W01,2301
MAT_011,PLANT_04,W02,2088
MAT_011,PLANT_04,W03,2301
MAT_011,PLANT_04,W04,2334
MAT_011,PLANT_04,W05,2279
MAT_011,PLANT_04,W06,2504
MAT_011,PLANT_04,W07,2325
MAT_011,PLANT_04,W08,2230
MAT_011,PLANT_04,W09,2313
MAT_011,PLANT_04,W10,2401
MAT_011,PLANT_04,W11,2301
MAT_011,PLANT_04,W12,2436
MAT_011,PLANT_05,W01,2317
MAT_011,PLANT_05,W02,2155
MAT_011,PLANT_05,W03,2178
MAT_011,PLANT_05,W04,2475
MAT_011,PLANT_05,W05,2315
MAT_011,PLANT_05,W06,2583
MAT_011,PLANT_05,W07,2402
MAT_011,PLANT_05,W08,2353
MAT_011,PLANT_05,W09,2528
MAT_011,PLANT_05,W10,2483
MAT_011,PLANT_05,W11,2422
MAT_011,PLANT_05,W12,2442
MAT_012,PLANT_01,W01,1186
MAT_012,PLANT_01,W02,1213
MAT_012,PLANT_01,W03,1228
MAT_012,PLANT_01,W04,1225
MAT_012,PLANT_01,W05,1288
MAT_012,PLANT_01,W06,1196
MAT_012,PLANT_01,W07,1375
MAT_012,PLANT_01,W08,1293
MAT_012,PLANT_01,W09,1357
MAT_012,PLANT_01,W10,1259
MAT_012,PLANT_01,W11,1416
MAT_012,PLANT_01,W12,1412
MAT_012,PLANT_02,W01,611
MAT_012,PLANT_02,W02,669
MAT_012,PLANT_02,W03,616
MAT_012,PLANT_02,W04,685
MAT_012,PLANT_02,W05,678
MAT_012,PLANT_02,W06,643
MAT_012,PLANT_02,W07,671
MAT_012,PLANT_02,W08,708
MAT_012,PLANT_02,W09,653
MAT_012,PLANT_02,W10,746
MAT_012,PLANT_02,W11,690
MAT_012,PLANT_02,W12,726
MAT_012,PLANT_03,W01,709
MAT_012,PLANT_03,W02,656
MAT_012,PLANT_03,W03,671
MAT_012,PLANT_03,W04,761
MAT_012,PLANT_03,W05,682
MAT_012,PLANT_03,W06,697
MAT_012,PLANT_03,W07,743
MAT_012,PLANT_03,W08,715
MAT_012,PLANT_03,W09,738
MAT_012,PLANT_03,W10,797
MAT_012,PLANT_03,W11,749
MAT_012,PLANT_03,W12,812
MAT_012,PLANT_04,W01,599
MAT_012,PLANT_04,W02,642
MAT_012,PLANT_04,W03,649
MAT_012,PLANT_04,W04,618
MAT_012,PLANT_04,W05,659
MAT_012,PLANT_04,W06,620
MAT_012,PLANT_04,W07,696
MAT_012,PLANT_04,W08,631
MAT_012,PLANT_04,W09,700
MAT_012,PLANT_04,W10,647
MAT_012,PLANT_04,W11,655
MAT_012,PLANT_04,W12,661
MAT_012,PLANT_05,W01,1023
MAT_012,PLANT_05,W02,1062
MAT_012,PLANT_05,W03,1083
MAT_012,PLANT_05,W04,1118
MAT_012,PLANT_05,W05,1031
MAT_012,PLANT_05,W06,1051
MAT_012,PLANT_05,W07,1023
MAT_012,PLANT_05,W08,1098
MAT_012,PLANT_05,W09,1168
MAT_012,PLANT_05,W10,1144
MAT_012,PLANT_05,W11,1123
MAT_012,PLANT_05,W12,1096
MAT_013,PLANT_01,W01,643
MAT_013,PLANT_01,W02,674
MAT_013,PLANT_01,W03,674
MAT_013,PLANT_01,W04,665
MAT_013,PLANT_01,W05,620
MAT_013,PLANT_01,W06,622
MAT_013,PLANT_01,W07,672
MAT_013,PLANT_01,W08,700
MAT_013,PLANT_01,W09,646
MAT_013,PLANT_01,W10,669
MAT_013,PLANT_01,W11,674
MAT_013,PLANT_01,W12,757
MAT_013,PLANT_02,W01,1160
MAT_013,PLANT_02,W02,1133
MAT_013,PLANT_02,W03,1295
MAT_013,PLANT_02,W04,1321
MAT_013,PLANT_02,W05,1331
MAT_013,PLANT_02,W06,1251
MAT_013,PLANT_02,W07,1326
MAT_013,PLANT_02,W08,1293
MAT_013,PLANT_02,W09,1247
MAT_013,PLANT_02,W10,1404
MAT_013,PLANT_02,W11,1426
MAT_013,PLANT_02,W12,1270
MAT_013,PLANT_03,W01,906
MAT_013,PLANT_03,W02,847
MAT_013,PLANT_03,W03,884
MAT_013,PLANT_03,W04,905
MAT_013,PLANT_03,W05,942
MAT_013,PLANT_03,W06,989
MAT_013,PLANT_03,W07,889
MAT_013,PLANT_03,W08,1001
MAT_013,PLANT_03,W09,922
MAT_013,PLANT_03,W10,964
MAT_013,PLANT_03,W11,1054
MAT_013,PLANT_03,W12,967
MAT_013,PLANT_04,W01,1431
MAT_013,PLANT_04,W02,1400
MAT_013,PLANT_04,W03,1404
MAT_013,PLANT_04,W04,1524
MAT_013,PLANT_04,W05,1381
MAT_013,PLANT_04,W06,1390
MAT_013,PLANT_04,W07,1539
MAT_013,PLANT_04,W08,1612
MAT_013,PLANT_04,W09,1598
MAT_013,PLANT_04,W10,1450
MAT_013,PLANT_04,W11,1647
MAT_013,PLANT_04,W12,1568
MAT_013,PLANT_05,W01,1815
MAT_013,PLANT_05,W02,1696
MAT_013,PLANT_05,W03,1773
MAT_013,PLANT_05,W04,1788
MAT_013,PLANT_05,W05,1716
MAT_013,PLANT_05,W06,1922
MAT_013,PLANT_05,W07,1987
MAT_013,PLANT_05,W08,2046
MAT_013,PLANT_05,W09,1830
MAT_013,PLANT_05,W10,2074
MAT_013,PLANT_05,W11,1867
MAT_013,PLANT_05,W12,1972
MAT_014,PLANT_01,W01,645
MAT_014,PLANT_01,W02,719
MAT_014,PLANT_01,W03,656
MAT_014,PLANT_01,W04,759
MAT_014,PLANT_01,W05,730
MAT_014,PLANT_01,W06,762
MAT_014,PLANT_01,W07,768
MAT_014,PLANT_01,W08,721
MAT_014,PLANT_01,W09,811
MAT_014,PLANT_01,W10,810
MAT_014,PLANT_01,W11,779
MAT_014,PLANT_01,W12,806
MAT_014,PLANT_02,W01,1745
MAT_014,PLANT_02,W02,1936
MAT_014,PLANT_02,W03,1835
MAT_014,PLANT_02,W04,1887
MAT_014,PLANT_02,W05,2008
MAT_014,PLANT_02,W06,1943
MAT_014,PLANT_02,W07,2101
MAT_014,PLANT_02,W08,2040
MAT_014,PLANT_02,W09,2190
MAT_014,PLANT_02,W10,1934
MAT_014,PLANT_02,W11,2132
MAT_014,PLANT_02,W12,2009
MAT_014,PLANT_03,W01,2326
MAT_014,PLANT_03,W02,2364
MAT_014,PLANT_03,W03,2268
MAT_014,PLANT_03,W04,2516
MAT_014,PLANT_03,W05,2383
MAT_014,PLANT_03,W06,2415
MAT_014,PLANT_03,W07,2423
MAT_014,PLANT_03,W08,2536
MAT_014,PLANT_03,W09,2581
MAT_014,PLANT_03,W10,2545
MAT_014,PLANT_03,W11,2737
MAT_014,PLANT_03,W12,2489
MAT_014,PLANT_04,W01,1581
MAT_014,PLANT_04,W02,1514
MAT_014,PLANT_04,W03,1631
MAT_014,PLANT_04,W04,1550
MAT_014,PLANT_04,W05,1489
MAT_014,PLANT_04,W06,1598
MAT_014,PLANT_04,W07,1654
MAT_014,PLANT_04,W08,1539
MAT_014,PLANT_04,W09,1632
MAT_014,PLANT_04,W10,1685
MAT_014,PLANT_04,W11,1569
MAT_014,PLANT_04,W12,1609
MAT_014,PLANT_05,W01,1973
MAT_014,PLANT_05,W02,1899
MAT_014,PLANT_05,W03,1995
MAT_014,PLANT_05,W04,1921
MAT_014,PLANT_05,W05,1970
MAT_014,PLANT_05,W06,1934
MAT_014,PLANT_05,W07,1922
MAT_014,PLANT_05,W08,2086
MAT_014,PLANT_05,W09,2106
MAT_014,PLANT_05,W10,2136
MAT_014,PLANT_05,W11,2008
MAT_014,PLANT_05,W12,2158
MAT_015,PLANT_01,W01,1820
MAT_015,PLANT_01,W02,1895
MAT_015,PLANT_01,W03,1935
MAT_015,PLANT_01,W04,1780
MAT_015,PLANT_01,W05,1991
MAT_015,PLANT_01,W06,1856
MAT_015,PLANT_01,W07,1913
MAT_015,PLANT_01,W08,2078
MAT_015,PLANT_01,W09,2139
MAT_015,PLANT_01,W10,1964
MAT_015,PLANT_01,W11,2053
MAT_015,PLANT_01,W12,2128
MAT_015,PLANT_02,W01,737
MAT_015,PLANT_02,W02,700
MAT_015,PLANT_02,W03,745
MAT_015,PLANT_02,W04,744
MAT_015,PLANT_02,W05,716
MAT_015,PLANT_02,W06,707
MAT_015,PLANT_02,W07,709
MAT_015,PLANT_02,W08,709
MAT_015,PLANT_02,W09,798
MAT_015,PLANT_02,W10,736
MAT_015,PLANT_02,W11,812
MAT_015,PLANT_02,W12,750
MAT_015,PLANT_03,W01,1210
MAT_015,PLANT_03,W02,1289
MAT_015,PLANT_03,W03,1411
MAT_015,PLANT_03,W04,1408
MAT_015,PLANT_03,W05,1372
MAT_015,PLANT_03,W06,1425
MAT_015,PLANT_03,W07,1374
MAT_015,PLANT_03,W08,1433
MAT_015,PLANT_03,W09,1510
MAT_015,PLANT_03,W10,1356
MAT_015,PLANT_03,W11,1446
MAT_015,PLANT_03,W12,1468
MAT_015,PLANT_04,W01,704
MAT_015,PLANT_04,W02,699
MAT_015,PLANT_04,W03,725
MAT_015,PLANT_04,W04,771
MAT_015,PLANT_04,W05,763
MAT_015,PLANT_04,W06,786
MAT_015,PLANT_04,W07,770
MAT_015,PLANT_04,W08,721
MAT_015,PLANT_04,W09,801
MAT_015,PLANT_04,W10,730
MAT_015,PLANT_04,W11,800
MAT_015,PLANT_04,W12,803
MAT_015,PLANT_05,W01,1259
MAT_015,PLANT_05,W02,1250
MAT_015,PLANT_05,W03,1385
MAT_015,PLANT_05,W04,1388
MAT_015,PLANT_05,W05,1372
MAT_015,PLANT_05,W06,1288
MAT_015,PLANT_05,W07,1443
MAT_015,PLANT_05,W08,1459
MAT_015,PLANT_05,W09,1370
MAT_015,PLANT_05,W10,1321
MAT_015,PLANT_05,W11,1392
MAT_015,PLANT_05,W12,1465
MAT_016,PLANT_01,W01,2136
MAT_016,PLANT_01,W02,2274
MAT_016,PLANT_01,W03,2199
MAT_016,PLANT_01,W04,2145
MAT_016,PLANT_01,W05,2315
MAT_016,PLANT_01,W06,2278
MAT_016,PLANT_01,W07,2189
MAT_016,PLANT_01,W08,2212
MAT_016,PLANT_01,W09,2409
MAT_016,PLANT_01,W10,2425
MAT_016,PLANT_01,W11,2531
MAT_016,PLANT_01,W12,2288
MAT_016,PLANT_02,W01,2103
MAT_016,PLANT_02,W02,2229
MAT_016,PLANT_02,W03,2104
MAT_016,PLANT_02,W04,2191
MAT_016,PLANT_02,W05,2094
MAT_016,PLANT_02,W06,2050
MAT_016,PLANT_02,W07,2153
MAT_016,PLANT_02,W08,2220
MAT_016,PLANT_02,W09,2274
MAT_016,PLANT_02,W10,2330
MAT_016,PLANT_02,W11,2273
MAT_016,PLANT_02,W12,2406
MAT_016,PLANT_03,W01,2335
MAT_016,PLANT_03,W02,2491
MAT_016,PLANT_03,W03,2349
MAT_016,PLANT_03,W04,2225
MAT_016,PLANT_03,W05,2288
MAT_016,PLANT_03,W06,2418
MAT_016,PLANT_03,W07,2324
MAT_016,PLANT_03,W08,2353
MAT_016,PLANT_03,W09,2459
MAT_016,PLANT_03,W10,2680
MAT_016,PLANT_03,W11,2781
MAT_016,PLANT_03,W12,2697
MAT_016,PLANT_04,W01,947
MAT_016,PLANT_04,W02,937
MAT_016,PLANT_04,W03,891
MAT_016,PLANT_04,W04,967
MAT_016,PLANT_04,W05,874
MAT_016,PLANT_04,W06,998
MAT_016,PLANT_04,W07,906
MAT_016,PLANT_04,W08,1027
MAT_016,PLANT_04,W09,1019
MAT_016,PLANT_04,W10,1048
MAT_016,PLANT_04,W11,1041
MAT_016,PLANT_04,W12,1026
MAT_016,PLANT_05,W01,1087
MAT_016,PLANT_05,W02,1150
MAT_016,PLANT_05,W03,1146
MAT_016,PLANT_05,W04,1158
MAT_016,PLANT_05,W05,1059
MAT_016,PLANT_05,W06,1130
MAT_016,PLANT_05,W07,1149
MAT_016,PLANT_05,W08,1227
MAT_016,PLANT_05,W09,1222
MAT_016,PLANT_05,W10,1284
MAT_016,PLANT_05,W11,1138
MAT_016,PLANT_05,W12,1271
MAT_017,PLANT_01,W01,1034
MAT_017,PLANT_01,W02,1072
MAT_017,PLANT_01,W03,1099
MAT_017,PLANT_01,W04,1105
MAT_017,PLANT_01,W05,1130
MAT_017,PLANT_01,W06,1109
MAT_017,PLANT_01,W07,1112
MAT_017,PLANT_01,W08,1141
MAT_017,PLANT_01,W09,1120
MAT_017,PLANT_01,W10,1141
MAT_017,PLANT_01,W11,1181
MAT_017,PLANT_01,W12,1224
MAT_017,PLANT_02,W01,1192
MAT_017,PLANT_02,W02,1309
MAT_017,PLANT_02,W03,1149
MAT_017,PLANT_02,W04,1334
MAT_017,PLANT_02,W05,1304
MAT_017,PLANT_02,W06,1200
MAT_017,PLANT_02,W07,1200
MAT_017,PLANT_02,W08,1260
MAT_017,PLANT_02,W09,1272
MAT_017,PLANT_02,W10,1266
MAT_017,PLANT_02,W11,1412
MAT_017,PLANT_02,W12,1265
MAT_017,PLANT_03,W01,1607
MAT_017,PLANT_03,W02,1487
MAT_017,PLANT_03,W03,1506
MAT_017,PLANT_03,W04,1566
MAT_017,PLANT_03,W05,1517
MAT_017,PLANT_03,W06,1755
MAT_017,PLANT_03,W07,1695
MAT_017,PLANT_03,W08,1725
MAT_017,PLANT_03,W09,1701
MAT_017,PLANT_03,W10,1741
MAT_017,PLANT_03,W11,1706
MAT_017,PLANT_03,W12,1830
MAT_017,PLANT_04,W01,1255
MAT_017,PLANT_04,W02,1356
MAT_017,PLANT_04,W03,1284
MAT_017,PLANT_04,W04,1352
MAT_017,PLANT_04,W05,1241
MAT_017,PLANT_04,W06,1333
MAT_017,PLANT_04,W07,1320
MAT_017,PLANT_04,W08,1324
MAT_017,PLANT_04,W09,1446
MAT_017,PLANT_04,W10,1417
MAT_017,PLANT_04,W11,1366
MAT_017,PLANT_04,W12,1373
MAT_017,PLANT_05,W01,2181
MAT_017,PLANT_05,W02,2158
MAT_017,PLANT_05,W03,2213
MAT_017,PLANT_05,W04,2304
MAT_017,PLANT_05,W05,2294
MAT_017,PLANT_05,W06,2137
MAT_017,PLANT_05,W07,2242
MAT_017,PLANT_05,W08,2231
MAT_017,PLANT_05,W09,2395
MAT_017,PLANT_05,W10,2515
MAT_017,PLANT_05,W11,2310
MAT_017,PLANT_05,W12,2265
MAT_018,PLANT_01,W01,1233
MAT_018,PLANT_01,W02,1331
MAT_018,PLANT_01,W03,1209
MAT_018,PLANT_01,W04,1253
MAT_018,PLANT_01,W05,1362
MAT_018,PLANT_01,W06,1236
MAT_018,PLANT_01,W07,1350
MAT_018,PLANT_01,W08,1416
MAT_018,PLANT_01,W09,1380
MAT_018,PLANT_01,W10,1394
MAT_018,PLANT_01,W11,1405
MAT_018,PLANT_01,W12,1381
MAT_018,PLANT_02,W01,1838
MAT_018,PLANT_02,W02,1961
MAT_018,PLANT_02,W03,2119
MAT_018,PLANT_02,W04,1900
MAT_018,PLANT_02,W05,2168
MAT_018,PLANT_02,W06,2061
MAT_018,PLANT_02,W07,1920
MAT_018,PLANT_02,W08,1961
MAT_018,PLANT_02,W09,2172
MAT_018,PLANT_02,W10,2227
MAT_018,PLANT_02,W11,2279
MAT_018,PLANT_02,W12,2165
MAT_018,PLANT_03,W01,773
MAT_018,PLANT_03,W02,864
MAT_018,PLANT_03,W03,880
MAT_018,PLANT_03,W04,872
MAT_018,PLANT_03,W05,842
MAT_018,PLANT_03,W06,901
MAT_018,PLANT_03,W07,814
MAT_018,PLANT_03,W08,904
MAT_018,PLANT_03,W09,828
MAT_018,PLANT_03,W10,927
MAT_018,PLANT_03,W11,849
MAT_018,PLANT_03,W12,863
MAT_018,PLANT_04,W01,1009
MAT_018,PLANT_04,W02,984
MAT_018,PLANT_04,W03,998
MAT_018,PLANT_04,W04,956
MAT_018,PLANT_04,W05,973
MAT_018,PLANT_04,W06,1004
MAT_018,PLANT_04,W07,1053
MAT_018,PLANT_04,W08,1034
MAT_018,PLANT_04,W09,982
MAT_018,PLANT_04,W10,1094
MAT_018,PLANT_04,W11,1085
MAT_018,PLANT_04,W12,1113
MAT_018,PLANT_05,W01,1735
MAT_018,PLANT_05,W02,1961
MAT_018,PLANT_05,W03,1775
MAT_018,PLANT_05,W04,2037
MAT_018,PLANT_05,W05,1913
MAT_018,PLANT_05,W06,1978
MAT_018,PLANT_05,W07,1937
MAT_018,PLANT_05,W08,2078
MAT_018,PLANT_05,W09,2076
MAT_018,PLANT_05,W10,2002
MAT_018,PLANT_05,W11,2217
MAT_018,PLANT_05,W12,2076
MAT_019,PLANT_01,W01,2341
MAT_019,PLANT_01,W02,2300
MAT_019,PLANT_01,W03,2350
MAT_019,PLANT_01,W04,2232
MAT_019,PLANT_01,W05,2352
MAT_019,PLANT_01,W06,2528
MAT_019,PLANT_01,W07,2464
MAT_019,PLANT_01,W08,2642
MAT_019,PLANT_01,W09,2372
MAT_019,PLANT_01,W10,2594
MAT_019,PLANT_01,W11,2708
MAT_019,PLANT_01,W12,2692
MAT_019,PLANT_02,W01,2142
MAT_019,PLANT_02,W02,2271
MAT_019,PLANT_02,W03,1979
MAT_019,PLANT_02,W04,2293
MAT_019,PLANT_02,W05,2073
MAT_019,PLANT_02,W06,2065
MAT_019,PLANT_02,W07,2268
MAT_019,PLANT_02,W08,2233
MAT_019,PLANT_02,W09,2309
MAT_019,PLANT_02,W10,2180
MAT_019,PLANT_02,W11,2247
MAT_019,PLANT_02,W12,2450
MAT_019,PLANT_03,W01,2033
MAT_019,PLANT_03,W02,2081
MAT_019,PLANT_03,W03,2184
MAT_019,PLANT_03,W04,2165
MAT_019,PLANT_03,W05,2072
MAT_019,PLANT_03,W06,2117
MAT_019,PLANT_03,W07,2347
MAT_019,PLANT_03,W08,2159
MAT_019,PLANT_03,W09,2179
MAT_019,PLANT_03,W10,2411
MAT_019,PLANT_03,W11,2453
MAT_019,PLANT_03,W12,2478
MAT_019,PLANT_04,W01,1713
MAT_019,PLANT_04,W02,1758
MAT_019,PLANT_04,W03,1707
MAT_019,PLANT_04,W04,1666
MAT_019,PLANT_04,W05,1695
MAT_019,PLANT_04,W06,1889
MAT_019,PLANT_04,W07,1844
MAT_019,PLANT_04,W08,1822
MAT_019,PLANT_04,W09,1786
MAT_019,PLANT_04,W10,1953
MAT_019,PLANT_04,W11,1820
MAT_019,PLANT_04,W12,1984
MAT_019,PLANT_05,W01,966
MAT_019,PLANT_05,W02,1000
MAT_019,PLANT_05,W03,1038
MAT_019,PLANT_05,W04,1000
MAT_019,PLANT_05,W05,1057
MAT_019,PLANT_05,W06,1066
MAT_019,PLANT_05,W07,1046
MAT_019,PLANT_05,W08,1050
MAT_019,PLANT_05,W09,1080
MAT_019,PLANT_05,W10,1024
MAT_019,PLANT_05,W11,1075
MAT_019,PLANT_05,W12,1083
MAT_020,PLANT_01,W01,2162
MAT_020,PLANT_01,W02,2064
MAT_020,PLANT_01,W03,2118
MAT_020,PLANT_01,W04,2251
MAT_020,PLANT_01,W05,2159
MAT_020,PLANT_01,W06,2235
MAT_020,PLANT_01,W07,2248
MAT_020,PLANT_01,W08,2385
MAT_020,PLANT_01,W09,2313
MAT_020,PLANT_01,W10,2211
MAT_020,PLANT_01,W11,2418
MAT_020,PLANT_01,W12,2252
MAT_020,PLANT_02,W01,1241
MAT_020,PLANT_02,W02,1120
MAT_020,PLANT_02,W03,1209
MAT_020,PLANT_02,W04,1171
MAT_020,PLANT_02,W05,1302
MAT_020,PLANT_02,W06,1164
MAT_020,PLANT_02,W07,1178
MAT_020,PLANT_02,W08,1182
MAT_020,PLANT_02,W09,1288
MAT_020,PLANT_02,W10,1212
MAT_020,PLANT_02,W11,1330
MAT_020,PLANT_02,W12,1311
MAT_020,PLANT_03,W01,1724
MAT_020,PLANT_03,W02,1695
MAT_020,PLANT_03,W03,1782
MAT_020,PLANT_03,W04,1987
MAT_020,PLANT_03,W05,1906
MAT_020,PLANT_03,W06,1961
MAT_020,PLANT_03,W07,1836
MAT_020,PLANT_03,W08,1928
MAT_020,PLANT_03,W09,2094
MAT_020,PLANT_03,W10,2029
MAT_020,PLANT_03,W11,2128
MAT_020,PLANT_03,W12,1940
MAT_020,PLANT_04,W01,1628
MAT_020,PLANT_04,W02,1618
MAT_020,PLANT_04,W03,1665
MAT_020,PLANT_04,W04,1726
MAT_020,PLANT_04,W05,1794
MAT_020,PLANT_04,W06,1803
MAT_020,PLANT_04,W07,1772
MAT_020,PLANT_04,W08,1675
MAT_020,PLANT_04,W09,1785
MAT_020,PLANT_04,W10,1787
MAT_020,PLANT_04,W11,1737
MAT_020,PLANT_04,W12,1957
MAT_020,PLANT_05,W01,2066
MAT_020,PLANT_05,W02,1863
MAT_020,PLANT_05,W03,2069
MAT_020,PLANT_05,W04,2157
MAT_020,PLANT_05,W05,1900
MAT_020,PLANT_05,W06,2148
MAT_020,PLANT_05,W07,2006
MAT_020,PLANT_05,W08,2040
MAT_020,PLANT_05,W09,2054
MAT_020,PLANT_05,W10,2213
MAT_020,PLANT_05,W11,2189
MAT_020,PLANT_05,W12,2298
MAT_021,PLANT_01,W01,1387
MAT_021,PLANT_01,W02,1400
MAT_021,PLANT_01,W03,1326
MAT_021,PLANT_01,W04,1551
MAT_021,PLANT_01,W05,1421
MAT_021,PLANT_01,W06,1523
MAT_021,PLANT_01,W07,1499
MAT_021,PLANT_01,W08,1584
MAT_021,PLANT_01,W09,1602
MAT_021,PLANT_01,W10,1491
MAT_021,PLANT_01,W11,1571
MAT_021,PLANT_01,W12,1505
MAT_021,PLANT_02,W01,1900
MAT_021,PLANT_02,W02,1988
MAT_021,PLANT_02,W03,2107
MAT_021,PLANT_02,W04,1876
MAT_021,PLANT_02,W05,1953
MAT_021,PLANT_02,W06,2200
MAT_021,PLANT_02,W07,1991
MAT_021,PLANT_02,W08,2071
MAT_021,PLANT_02,W09,2222
MAT_021,PLANT_02,W10,2099
MAT_021,PLANT_02,W11,2261
MAT_021,PLANT_02,W12,2313
MAT_021,PLANT_03,W01,613
MAT_021,PLANT_03,W02,584
MAT_021,PLANT_03,W03,594
MAT_021,PLANT_03,W04,593
MAT_021,PLANT_03,W05,656
MAT_021,PLANT_03,W06,621
MAT_021,PLANT_03,W07,626
MAT_021,PLANT_03,W08,650
MAT_021,PLANT_03,W09,693
MAT_021,PLANT_03,W10,641
MAT_021,PLANT_03,W11,660
MAT_021,PLANT_03,W12,724
MAT_021,PLANT_04,W01,1946
MAT_021,PLANT_04,W02,2158
MAT_021,PLANT_04,W03,2117
MAT_021,PLANT_04,W04,2179
MAT_021,PLANT_04,W05,2223
MAT_021,PLANT_04,W06,2169
MAT_021,PLANT_04,W07,2139
MAT_021,PLANT_04,W08,2125
MAT_021,PLANT_04,W09,2304
MAT_021,PLANT_04,W10,2177
MAT_021,PLANT_04,W11,2328
MAT_021,PLANT_04,W12,2478
MAT_021,PLANT_05,W01,836
MAT_021,PLANT_05,W02,875
MAT_021,PLANT_05,W03,875
MAT_021,PLANT_05,W04,998
MAT_021,PLANT_05,W05,957
MAT_021,PLANT_05,W06,963
MAT_021,PLANT_05,W07,895
MAT_021,PLANT_05,W08,1007
MAT_021,PLANT_05,W09,1009
MAT_021,PLANT_05,W10,966
MAT_021,PLANT_05,W11,948
MAT_021,PLANT_05,W12,1011
MAT_022,PLANT_01,W01,1656
MAT_022,PLANT_01,W02,1501
MAT_022,PLANT_01,W03,1685
MAT_022,PLANT_01,W04,1646
MAT_022,PLANT_01,W05,1713
MAT_022,PLANT_01,W06,1739
MAT_022,PLANT_01,W07,1598
MAT_022,PLANT_01,W08,1736
MAT_022,PLANT_01,W09,1656
MAT_022,PLANT_01,W10,1790
MAT_022,PLANT_01,W11,1713
MAT_022,PLANT_01,W12,1759
MAT_022,PLANT_02,W01,1684
MAT_022,PLANT_02,W02,1795
MAT_022,PLANT_02,W03,1745
MAT_022,PLANT_02,W04,1734
MAT_022,PLANT_02,W05,1902
MAT_022,PLANT_02,W06,2036
MAT_022,PLANT_02,W07,1992
MAT_022,PLANT_02,W08,2055
MAT_022,PLANT_02,W09,2013
MAT_022,PLANT_02,W10,1911
MAT_022,PLANT_02,W11,2142
MAT_022,PLANT_02,W12,2076
MAT_022,PLANT_03,W01,2505
MAT_022,PLANT_03,W02,2427
MAT_022,PLANT_03,W03,2307
MAT_022,PLANT_03,W04,2476
MAT_022,PLANT_03,W05,2370
MAT_022,PLANT_03,W06,2580
MAT_022,PLANT_03,W07,2695
MAT_022,PLANT_03,W08,2750
MAT_022,PLANT_03,W09,2732
MAT_022,PLANT_03,W10,2713
MAT_022,PLANT_03,W11,2693
MAT_022,PLANT_03,W12,2663
MAT_022,PLANT_04,W01,709
MAT_022,PLANT_04,W02,688
MAT_022,PLANT_04,W03,752
MAT_022,PLANT_04,W04,710
MAT_022,PLANT_04,W05,750
MAT_022,PLANT_04,W06,712
MAT_022,PLANT_04,W07,771
MAT_022,PLANT_04,W08,790
MAT_022,PLANT_04,W09,791
MAT_022,PLANT_04,W10,770
MAT_022,PLANT_04,W11,762
MAT_022,PLANT_04,W12,751
MAT_022,PLANT_05,W01,2075
MAT_022,PLANT_05,W02,2318
MAT_022,PLANT_05,W03,2144
MAT_022,PLANT_05,W04,2376
MAT_022,PLANT_05,W05,2240
MAT_022,PLANT_05,W06,2190
MAT_022,PLANT_05,W07,2396
MAT_022,PLANT_05,W08,2450
MAT_022,PLANT_05,W09,2403
MAT_022,PLANT_05,W10,2269
MAT_022,PLANT_05,W11,2257
MAT_022,PLANT_05,W12,2507
MAT_023,PLANT_01,W01,2105
MAT_023,PLANT_01,W02,2002
MAT_023,PLANT_01,W03,1929
MAT_023,PLANT_01,W04,2056
MAT_023,PLANT_01,W05,2131
MAT_023,PLANT_01,W06,2051
MAT_023,PLANT_01,W07,2164
MAT_023,PLANT_01,W08,2197
MAT_023,PLANT_01,W09,2236
MAT_023,PLANT_01,W10,2382
MAT_023,PLANT_01,W11,2216
MAT_023,PLANT_01,W12,2177
MAT_023,PLANT_02,W01,1808
MAT_023,PLANT_02,W02,1745
MAT_023,PLANT_02,W03,1735
MAT_023,PLANT_02,W04,1807
MAT_023,PLANT_02,W05,1744
MAT_023,PLANT_02,W06,1780
MAT_023,PLANT_02,W07,1811
MAT_023,PLANT_02,W08,1932
MAT_023,PLANT_02,W09,1961
MAT_023,PLANT_02,W10,2015
MAT_023,PLANT_02,W11,1981
MAT_023,PLANT_02,W12,2026
MAT_023,PLANT_03,W01,1582
MAT_023,PLANT_03,W02,1640
MAT_023,PLANT_03,W03,1453
MAT_023,PLANT_03,W04,1570
MAT_023,PLANT_03,W05,1655
MAT_023,PLANT_03,W06,1677
MAT_023,PLANT_03,W07,1650
MAT_023,PLANT_03,W08,1685
MAT_023,PLANT_03,W09,1550
MAT_023,PLANT_03,W10,1650
MAT_023,PLANT_03,W11,1728
MAT_023,PLANT_03,W12,1787
MAT_023,PLANT_04,W01,2156
MAT_023,PLANT_04,W02,2469
MAT_023,PLANT_04,W03,2317
MAT_023,PLANT_04,W04,2208
MAT_023,PLANT_04,W05,2293
MAT_023,PLANT_04,W06,2269
MAT_023,PLANT_04,W07,2281
MAT_023,PLANT_04,W08,2435
MAT_023,PLANT_04,W09,2682
MAT_023,PLANT_04,W10,2574
MAT_023,PLANT_04,W11,2568
MAT_023,PLANT_04,W12,2665
MAT_023,PLANT_05,W01,1693
MAT_023,PLANT_05,W02,1924
MAT_023,PLANT_05,W03,1772
MAT_023,PLANT_05,W04,1886
MAT_023,PLANT_05,W05,1767
MAT_023,PLANT_05,W06,2034
MAT_023,PLANT_05,W07,2079
MAT_023,PLANT_05,W08,1981
MAT_023,PLANT_05,W09,1908
MAT_023,PLANT_05,W10,2102
MAT_023,PLANT_05,W11,2044
MAT_023,PLANT_05,W12,2121
MAT_024,PLANT_01,W01,1760
MAT_024,PLANT_01,W02,1743
MAT_024,PLANT_01,W03,1826
MAT_024,PLANT_01,W04,1777
MAT_024,PLANT_01,W05,1846
MAT_024,PLANT_01,W06,2118
MAT_024,PLANT_01,W07,2076
MAT_024,PLANT_01,W08,1971
MAT_024,PLANT_01,W09,2006
MAT_024,PLANT_01,W10,2085
MAT_024,PLANT_01,W11,2087
MAT_024,PLANT_01,W12,2174
MAT_024,PLANT_02,W01,789
MAT_024,PLANT_02,W02,754
MAT_024,PLANT_02,W03,784
MAT_024,PLANT_02,W04,773
MAT_024,PLANT_02,W05,785
MAT_024,PLANT_02,W06,766
MAT_024,PLANT_02,W07,830
MAT_024,PLANT_02,W08,769
MAT_024,PLANT_02,W09,865
MAT_024,PLANT_02,W10,814
MAT_024,PLANT_02,W11,817
MAT_024,PLANT_02,W12,779
MAT_024,PLANT_03,W01,943
MAT_024,PLANT_03,W02,909
MAT_024,PLANT_03,W03,915
MAT_024,PLANT_03,W04,960
MAT_024,PLANT_03,W05,1072
MAT_024,PLANT_03,W06,1061
MAT_024,PLANT_03,W07,1096
MAT_024,PLANT_03,W08,1096
MAT_024,PLANT_03,W09,1097
MAT_024,PLANT_03,W10,1072
MAT_024,PLANT_03,W11,1102
MAT_024,PLANT_03,W12,1155
MAT_024,PLANT_04,W01,1748
MAT_024,PLANT_04,W02,1702
MAT_024,PLANT_04,W03,1750
MAT_024,PLANT_04,W04,1893
MAT_024,PLANT_04,W05,1888
MAT_024,PLANT_04,W06,1969
MAT_024,PLANT_04,W07,1980
MAT_024,PLANT_04,W08,1895
MAT_024,PLANT_04,W09,1853
MAT_024,PLANT_04,W10,1909
MAT_024,PLANT_04,W11,2044
MAT_024,PLANT_04,W12,1905
MAT_024,PLANT_05,W01,1948
MAT_024,PLANT_05,W02,2000
MAT_024,PLANT_05,W03,2233
MAT_024,PLANT_05,W04,2114
MAT_024,PLANT_05,W05,1974
MAT_024,PLANT_05,W06,2266
MAT_024,PLANT_05,W07,2100
MAT_024,PLANT_05,W08,2074
MAT_024,PLANT_05,W09,2288
MAT_024,PLANT_05,W10,2360
MAT_024,PLANT_05,W11,2142
MAT_024,PLANT_05,W12,2445
MAT_025,PLANT_01,W01,1528
MAT_025,PLANT_01,W02,1522
MAT_025,PLANT_01,W03,1631
MAT_025,PLANT_01,W04,1551
MAT_025,PLANT_01,W05,1712
MAT_025,PLANT_01,W06,1777
MAT_025,PLANT_01,W07,1610
MAT_025,PLANT_01,W08,1767
MAT_025,PLANT_01,W09,1659
MAT_025,PLANT_01,W10,1680
MAT_025,PLANT_01,W11,1704
MAT_025,PLANT_01,W12,1714
MAT_025,PLANT_02,W01,2216
MAT_025,PLANT_02,W02,2380
MAT_025,PLANT_02,W03,2237
MAT_025,PLANT_02,W04,2246
MAT_025,PLANT_02,W05,2575
MAT_025,PLANT_02,W06,2512
MAT_025,PLANT_02,W07,2535
MAT_025,PLANT_02,W08,2545
MAT_025,PLANT_02,W09,2628
MAT_025,PLANT_02,W10,2573
MAT_025,PLANT_02,W11,2416
MAT_025,PLANT_02,W12,2607
MAT_025,PLANT_03,W01,1815
MAT_025,PLANT_03,W02,2012
MAT_025,PLANT_03,W03,2029
MAT_025,PLANT_03,W04,1960
MAT_025,PLANT_03,W05,1893
MAT_025,PLANT_03,W06,1888
MAT_025,PLANT_03,W07,2084
MAT_025,PLANT_03,W08,2031
MAT_025,PLANT_03,W09,2020
MAT_025,PLANT_03,W10,2147
MAT_025,PLANT_03,W11,1984
MAT_025,PLANT_03,W12,2125
MAT_025,PLANT_04,W01,1460
MAT_025,PLANT_04,W02,1493
MAT_025,PLANT_04,W03,1501
MAT_025,PLANT_04,W04,1493
MAT_025,PLANT_04,W05,1580
MAT_025,PLANT_04,W06,1477
MAT_025,PLANT_04,W07,1683
MAT_025,PLANT_04,W08,1635
MAT_025,PLANT_04,W09,1597
MAT_025,PLANT_04,W10,1668
MAT_025,PLANT_04,W11,1527
MAT_025,PLANT_04,W12,1591
MAT_025,PLANT_05,W01,1674
MAT_025,PLANT_05,W02,1770
MAT_025,PLANT_05,W03,1935
MAT_025,PLANT_05,W04,1763
MAT_025,PLANT_05,W05,1806
MAT_025,PLANT_05,W06,1830
MAT_025,PLANT_05,W07,2049
MAT_025,PLANT_05,W08,1894
MAT_025,PLANT_05,W09,1870
MAT_025,PLANT_05,W10,1960
MAT_025,PLANT_05,W11,1980
MAT_025,PLANT_05,W12,2097
MAT_026,PLANT_01,W01,1423
MAT_026,PLANT_01,W02,1315
MAT_026,PLANT_01,W03,1310
MAT_026,PLANT_01,W04,1315
MAT_026,PLANT_01,W05,1428
MAT_026,PLANT_01,W06,1369
MAT_026,PLANT_01,W07,1357
MAT_026,PLANT_01,W08,1410
MAT_026,PLANT_01,W09,1419
MAT_026,PLANT_01,W10,1477
MAT_026,PLANT_01,W11,1482
MAT_026,PLANT_01,W12,1448
MAT_026,PLANT_02,W01,1993
MAT_026,PLANT_02,W02,2240
MAT_026,PLANT_02,W03,2053
MAT_026,PLANT_02,W04,2187
MAT_026,PLANT_02,W05,2380
MAT_026,PLANT_02,W06,2356
MAT_026,PLANT_02,W07,2269
MAT_026,PLANT_02,W08,2363
MAT_026,PLANT_02,W09,2411
MAT_026,PLANT_02,W10,2272
MAT_026,PLANT_02,W11,2386
MAT_026,PLANT_02,W12,2413
MAT_026,PLANT_03,W01,1324
MAT_026,PLANT_03,W02,1355
MAT_026,PLANT_03,W03,1384
MAT_026,PLANT_03,W04,1410
MAT_026,PLANT_03,W05,1559
MAT_026,PLANT_03,W06,1408
MAT_026,PLANT_03,W07,1572
MAT_026,PLANT_03,W08,1479
MAT_026,PLANT_03,W09,1519
MAT_026,PLANT_03,W10,1580
MAT_026,PLANT_03,W11,1654
MAT_026,PLANT_03,W12,1566
MAT_026,PLANT_04,W01,1355
MAT_026,PLANT_04,W02,1545
MAT_026,PLANT_04,W03,1584
MAT_026,PLANT_04,W04,1425
MAT_026,PLANT_04,W05,1529
MAT_026,PLANT_04,W06,1564
MAT_026,PLANT_04,W07,1471
MAT_026,PLANT_04,W08,1628
MAT_026,PLANT_04,W09,1548
MAT_026,PLANT_04,W10,1638
MAT_026,PLANT_04,W11,1613
MAT_026,PLANT_04,W12,1688
MAT_026,PLANT_05,W01,745
MAT_026,PLANT_05,W02,743
MAT_026,PLANT_05,W03,794
MAT_026,PLANT_05,W04,744
MAT_026,PLANT_05,W05,756
MAT_026,PLANT_05,W06,843
MAT_026,PLANT_05,W07,794
MAT_026,PLANT_05,W08,839
MAT_026,PLANT_05,W09,841
MAT_026,PLANT_05,W10,884
MAT_026,PLANT_05,W11,799
MAT_026,PLANT_05,W12,819
MAT_027,PLANT_01,W01,1035
MAT_027,PLANT_01,W02,1105
MAT_027,PLANT_01,W03,1128
MAT_027,PLANT_01,W04,1123
MAT_027,PLANT_01,W05,1100
MAT_027,PLANT_01,W06,1197
MAT_027,PLANT_01,W07,1191
MAT_027,PLANT_01,W08,1231
MAT_027,PLANT_01,W09,1211
MAT_027,PLANT_01,W10,1185
MAT_027,PLANT_01,W11,1186
MAT_027,PLANT_01,W12,1151
MAT_027,PLANT_02,W01,2169
MAT_027,PLANT_02,W02,2462
MAT_027,PLANT_02,W03,2466
MAT_027,PLANT_02,W04,2599
MAT_027,PLANT_02,W05,2537
MAT_027,PLANT_02,W06,2332
MAT_027,PLANT_02,W07,2392
MAT_027,PLANT_02,W08,2397
MAT_027,PLANT_02,W09,2410
MAT_027,PLANT_02,W10,2745
MAT_027,PLANT_02,W11,2649
MAT_027,PLANT_02,W12,2481
MAT_027,PLANT_03,W01,1418
MAT_027,PLANT_03,W02,1542
MAT_027,PLANT_03,W03,1357
MAT_027,PLANT_03,W04,1490
MAT_027,PLANT_03,W05,1386
MAT_027,PLANT_03,W06,1595
MAT_027,PLANT_03,W07,1489
MAT_027,PLANT_03,W08,1470
MAT_027,PLANT_03,W09,1602
MAT_027,PLANT_03,W10,1552
MAT_027,PLANT_03,W11,1498
MAT_027,PLANT_03,W12,1605
MAT_027,PLANT_04,W01,877
MAT_027,PLANT_04,W02,985
MAT_027,PLANT_04,W03,1026
MAT_027,PLANT_04,W04,956
MAT_027,PLANT_04,W05,990
MAT_027,PLANT_04,W06,1078
MAT_027,PLANT_04,W07,1023
MAT_027,PLANT_04,W08,994
MAT_027,PLANT_04,W09,1031
MAT_027,PLANT_04,W10,1122
MAT_027,PLANT_04,W11,1092
MAT_027,PLANT_04,W12,1025
MAT_027,PLANT_05,W01,1810
MAT_027,PLANT_05,W02,1917
MAT_027,PLANT_05,W03,1976
MAT_027,PLANT_05,W04,1869
MAT_027,PLANT_05,W05,1951
MAT_027,PLANT_05,W06,1942
MAT_027,PLANT_05,W07,2073
MAT_027,PLANT_05,W08,1970
MAT_027,PLANT_05,W09,1918
MAT_027,PLANT_05,W10,1900
MAT_027,PLANT_05,W11,1985
MAT_027,PLANT_05,W12,2038
MAT_028,PLANT_01,W01,889
MAT_028,PLANT_01,W02,855
MAT_028,PLANT_01,W03,986
MAT_028,PLANT_01,W04,1002
MAT_028,PLANT_01,W05,939
MAT_028,PLANT_01,W06,968
MAT_028,PLANT_01,W07,911
MAT_028,PLANT_01,W08,1057
MAT_028,PLANT_01,W09,1071
MAT_028,PLANT_01,W10,1013
MAT_028,PLANT_01,W11,956
MAT_028,PLANT_01,W12,1028
MAT_028,PLANT_02,W01,1217
MAT_028,PLANT_02,W02,1270
MAT_028,PLANT_02,W03,1237
MAT_028,PLANT_02,W04,1182
MAT_028,PLANT_02,W05,1329
MAT_028,PLANT_02,W06,1258
MAT_028,PLANT_02,W07,1237
MAT_028,PLANT_02,W08,1340
MAT_028,PLANT_02,W09,1342
MAT_028,PLANT_02,W10,1391
MAT_028,PLANT_02,W11,1289
MAT_028,PLANT_02,W12,1276
MAT_028,PLANT_03,W01,1801
MAT_028,PLANT_03,W02,1982
MAT_028,PLANT_03,W03,2048
MAT_028,PLANT_03,W04,2040
MAT_028,PLANT_03,W05,2025
MAT_028,PLANT_03,W06,1928
MAT_028,PLANT_03,W07,2088
MAT_028,PLANT_03,W08,2130
MAT_028,PLANT_03,W09,2034
MAT_028,PLANT_03,W10,2189
MAT_028,PLANT_03,W11,2010
MAT_028,PLANT_03,W12,2064
MAT_028,PLANT_04,W01,1890
MAT_028,PLANT_04,W02,1912
MAT_028,PLANT_04,W03,2010
MAT_028,PLANT_04,W04,1970
MAT_028,PLANT_04,W05,1940
MAT_028,PLANT_04,W06,1912
MAT_028,PLANT_04,W07,2184
MAT_028,PLANT_04,W08,1918
MAT_028,PLANT_04,W09,2230
MAT_028,PLANT_04,W10,2043
MAT_028,PLANT_04,W11,2018
MAT_028,PLANT_04,W12,2136
MAT_028,PLANT_05,W01,589
MAT_028,PLANT_05,W02,588
MAT_028,PLANT_05,W03,630
MAT_028,PLANT_05,W04,622
MAT_028,PLANT_05,W05,626
MAT_028,PLANT_05,W06,682
MAT_028,PLANT_05,W07,709
MAT_028,PLANT_05,W08,664
MAT_028,PLANT_05,W09,703
MAT_028,PLANT_05,W10,665
MAT_028,PLANT_05,W11,723
MAT_028,PLANT_05,W12,741
MAT_029,PLANT_01,W01,687
MAT_029,PLANT_01,W02,710
MAT_029,PLANT_01,W03,736
MAT_029,PLANT_01,W04,703
MAT_029,PLANT_01,W05,793
MAT_029,PLANT_01,W06,728
MAT_029,PLANT_01,W07,751
MAT_029,PLANT_01,W08,718
MAT_029,PLANT_01,W09,836
MAT_029,PLANT_01,W10,815
MAT_029,PLANT_01,W11,786
MAT_029,PLANT_01,W12,862
MAT_029,PLANT_02,W01,1148
MAT_029,PLANT_02,W02,1036
MAT_029,PLANT_02,W03,1125
MAT_029,PLANT_02,W04,1193
MAT_029,PLANT_02,W05,1162
MAT_029,PLANT_02,W06,1257
MAT_029,PLANT_02,W07,1180
MAT_029,PLANT_02,W08,1231
MAT_029,PLANT_02,W09,1178
MAT_029,PLANT_02,W10,1194
MAT_029,PLANT_02,W11,1261
MAT_029,PLANT_02,W12,1170
MAT_029,PLANT_03,W01,1730
MAT_029,PLANT_03,W02,1677
MAT_029,PLANT_03,W03,1804
MAT_029,PLANT_03,W04,1703
MAT_029,PLANT_03,W05,1914
MAT_029,PLANT_03,W06,1928
MAT_029,PLANT_03,W07,1771
MAT_029,PLANT_03,W08,1763
MAT_029,PLANT_03,W09,1927
MAT_029,PLANT_03,W10,1862
MAT_029,PLANT_03,W11,1840
MAT_029,PLANT_03,W12,1890
MAT_029,PLANT_04,W01,830
MAT_029,PLANT_04,W02,820
MAT_029,PLANT_04,W03,928
MAT_029,PLANT_04,W04,886
MAT_029,PLANT_04,W05,911
MAT_029,PLANT_04,W06,921
MAT_029,PLANT_04,W07,859
MAT_029,PLANT_04,W08,952
MAT_029,PLANT_04,W09,892
MAT_029,PLANT_04,W10,936
MAT_029,PLANT_04,W11,971
MAT_029,PLANT_04,W12,934
MAT_029,PLANT_05,W01,2198
MAT_029,PLANT_05,W02,2029
MAT_029,PLANT_05,W03,2256
MAT_029,PLANT_05,W04,2301
MAT_029,PLANT_05,W05,2358
MAT_029,PLANT_05,W06,2155
MAT_029,PLANT_05,W07,2217
MAT_029,PLANT_05,W08,2502
MAT_029,PLANT_05,W09,2461
MAT_029,PLANT_05,W10,2476
MAT_029,PLANT_05,W11,2518
MAT_029,PLANT_05,W12,2418
MAT_030,PLANT_01,W01,918
MAT_030,PLANT_01,W02,987
MAT_030,PLANT_01,W03,1054
MAT_030,PLANT_01,W04,991
MAT_030,PLANT_01,W05,969
MAT_030,PLANT_01,W06,1087
MAT_030,PLANT_01,W07,1076
MAT_030,PLANT_01,W08,1085
MAT_030,PLANT_01,W09,1088
MAT_030,PLANT_01,W10,1113
MAT_030,PLANT_01,W11,1121
MAT_030,PLANT_01,W12,1098
MAT_030,PLANT_02,W01,1502
MAT_030,PLANT_02,W02,1660
MAT_030,PLANT_02,W03,1699
MAT_030,PLANT_02,W04,1628
MAT_030,PLANT_02,W05,1526
MAT_030,PLANT_02,W06,1566
MAT_030,PLANT_02,W07,1620
MAT_030,PLANT_02,W08,1630
MAT_030,PLANT_02,W09,1675
MAT_030,PLANT_02,W10,1602
MAT_030,PLANT_02,W11,1780
MAT_030,PLANT_02,W12,1734
MAT_030,PLANT_03,W01,1038
MAT_030,PLANT_03,W02,1009
MAT_030,PLANT_03,W03,981
MAT_030,PLANT_03,W04,1033
MAT_030,PLANT_03,W05,997
MAT_030,PLANT_03,W06,969
MAT_030,PLANT_03,W07,1122
MAT_030,PLANT_03,W08,1111
MAT_030,PLANT_03,W09,1024
MAT_030,PLANT_03,W10,1113
MAT_030,PLANT_03,W11,1138
MAT_030,PLANT_03,W12,1054
MAT_030,PLANT_04,W01,1145
MAT_030,PLANT_04,W02,1219
MAT_030,PLANT_04,W03,1133
MAT_030,PLANT_04,W04,1225
MAT_030,PLANT_04,W05,1153
MAT_030,PLANT_04,W06,1312
MAT_030,PLANT_04,W07,1194
MAT_030,PLANT_04,W08,1348
MAT_030,PLANT_04,W09,1235
MAT_030,PLANT_04,W10,1303
MAT_030,PLANT_04,W11,1244
MAT_030,PLANT_04,W12,1348
MAT_030,PLANT_05,W01,2270
MAT_030,PLANT_05,W02,2336
MAT_030,PLANT_05,W03,2413
MAT_030,PLANT_05,W04,2428
MAT_030,PLANT_05,W05,2256
MAT_030,PLANT_05,W06,2347
MAT_030,PLANT_05,W07,2559
MAT_030,PLANT_05,W08,2326
MAT_030,PLANT_05,W09,2689
MAT_030,PLANT_05,W10,2619
MAT_030,PLANT_05,W11,2747
MAT_030,PLANT_05,W12,2740
MAT_031,PLANT_01,W01,1633
MAT_031,PLANT_01,W02,1467
MAT_031,PLANT_01,W03,1609
MAT_031,PLANT_01,W04,1723
MAT_031,PLANT_01,W05,1611
MAT_031,PLANT_01,W06,1618
MAT_031,PLANT_01,W07,1722
MAT_031,PLANT_01,W08,1769
MAT_031,PLANT_01,W09,1649
MAT_031,PLANT_01,W10,1611
MAT_031,PLANT_01,W11,1637
MAT_031,PLANT_01,W12,1714
MAT_031,PLANT_02,W01,1118
MAT_031,PLANT_02,W02,987
MAT_031,PLANT_02,W03,1104
MAT_031,PLANT_02,W04,1084
MAT_031,PLANT_02,W05,1040
MAT_031,PLANT_02,W06,1108
MAT_031,PLANT_02,W07,1075
MAT_031,PLANT_02,W08,1150
MAT_031,PLANT_02,W09,1088
MAT_031,PLANT_02,W10,1196
MAT_031,PLANT_02,W11,1152
MAT_031,PLANT_02,W12,1113
MAT_031,PLANT_03,W01,1930
MAT_031,PLANT_03,W02,1983
MAT_031,PLANT_03,W03,2014
MAT_031,PLANT_03,W04,1953
MAT_031,PLANT_03,W05,1877
MAT_031,PLANT_03,W06,2110
MAT_031,PLANT_03,W07,2059
MAT_031,PLANT_03,W08,2068
MAT_031,PLANT_03,W09,2138
MAT_031,PLANT_03,W10,2123
MAT_031,PLANT_03,W11,2166
MAT_031,PLANT_03,W12,2290
MAT_031,PLANT_04,W01,1254
MAT_031,PLANT_04,W02,1358
MAT_031,PLANT_04,W03,1343
MAT_031,PLANT_04,W04,1272
MAT_031,PLANT_04,W05,1331
MAT_031,PLANT_04,W06,1384
MAT_031,PLANT_04,W07,1299
MAT_031,PLANT_04,W08,1297
MAT_031,PLANT_04,W09,1373
MAT_031,PLANT_04,W10,1354
MAT_031,PLANT_04,W11,1404
MAT_031,PLANT_04,W12,1458
MAT_031,PLANT_05,W01,1435
MAT_031,PLANT_05,W02,1341
MAT_031,PLANT_05,W03,1347
MAT_031,PLANT_05,W04,1433
MAT_031,PLANT_05,W05,1504
MAT_031,PLANT_05,W06,1437
MAT_031,PLANT_05,W07,1437
MAT_031,PLANT_05,W08,1554
MAT_031,PLANT_05,W09,1422
MAT_031,PLANT_05,W10,1438
MAT_031,PLANT_05,W11,1437
MAT_031,PLANT_05,W12,1589
MAT_032,PLANT_01,W01,671
MAT_032,PLANT_01,W02,697
MAT_032,PLANT_01,W03,692
MAT_032,PLANT_01,W04,710
MAT_032,PLANT_01,W05,676
MAT_032,PLANT_01,W06,689
MAT_032,PLANT_01,W07,697
MAT_032,PLANT_01,W08,656
MAT_032,PLANT_01,W09,701
MAT_032,PLANT_01,W10,678
MAT_032,PLANT_01,W11,697
MAT_032,PLANT_01,W12,769
MAT_032,PLANT_02,W01,1063
MAT_032,PLANT_02,W02,1179
MAT_032,PLANT_02,W03,1065
MAT_032,PLANT_02,W04,1133
MAT_032,PLANT_02,W05,1238
MAT_032,PLANT_02,W06,1219
MAT_032,PLANT_02,W07,1230
MAT_032,PLANT_02,W08,1256
MAT_032,PLANT_02,W09,1159
MAT_032,PLANT_02,W10,1288
MAT_032,PLANT_02,W11,1278
MAT_032,PLANT_02,W12,1271
MAT_032,PLANT_03,W01,807
MAT_032,PLANT_03,W02,779
MAT_032,PLANT_03,W03,843
MAT_032,PLANT_03,W04,833
MAT_032,PLANT_03,W05,779
MAT_032,PLANT_03,W06,786
MAT_032,PLANT_03,W07,886
MAT_032,PLANT_03,W08,842
MAT_032,PLANT_03,W09,911
MAT_032,PLANT_03,W10,870
MAT_032,PLANT_03,W11,937
MAT_032,PLANT_03,W12,946
MAT_032,PLANT_04,W01,1106
MAT_032,PLANT_04,W02,1136
MAT_032,PLANT_04,W03,1162
MAT_032,PLANT_04,W04,1125
MAT_032,PLANT_04,W05,1137
MAT_032,PLANT_04,W06,1051
MAT_032,PLANT_04,W07,1144
MAT_032,PLANT_04,W08,1122
MAT_032,PLANT_04,W09,1177
MAT_032,PLANT_04,W10,1149
MAT_032,PLANT_04,W11,1225
MAT_032,PLANT_04,W12,1145
MAT_032,PLANT_05,W01,2052
MAT_032,PLANT_05,W02,1968
MAT_032,PLANT_05,W03,2009
MAT_032,PLANT_05,W04,2080
MAT_032,PLANT_05,W05,2075
MAT_032,PLANT_05,W06,2009
MAT_032,PLANT_05,W07,2054
MAT_032,PLANT_05,W08,2111
MAT_032,PLANT_05,W09,2052
MAT_032,PLANT_05,W10,2060
MAT_032,PLANT_05,W11,2239
MAT_032,PLANT_05,W12,2097
MAT_033,PLANT_01,W01,1363
MAT_033,PLANT_01,W02,1410
MAT_033,PLANT_01,W03,1436
MAT_033,PLANT_01,W04,1512
MAT_033,PLANT_01,W05,1544
MAT_033,PLANT_01,W06,1497
MAT_033,PLANT_01,W07,1450
MAT_033,PLANT_01,W08,1512
MAT_033,PLANT_01,W09,1569
MAT_033,PLANT_01,W10,1583
MAT_033,PLANT_01,W11,1699
MAT_033,PLANT_01,W12,1609
MAT_033,PLANT_02,W01,1020
MAT_033,PLANT_02,W02,1157
MAT_033,PLANT_02,W03,1091
MAT_033,PLANT_02,W04,1209
MAT_033,PLANT_02,W05,1076
MAT_033,PLANT_02,W06,1191
MAT_033,PLANT_02,W07,1161
MAT_033,PLANT_02,W08,1161
MAT_033,PLANT_02,W09,1169
MAT_033,PLANT_02,W10,1230
MAT_033,PLANT_02,W11,1144
MAT_033,PLANT_02,W12,1206
MAT_033,PLANT_03,W01,1340
MAT_033,PLANT_03,W02,1434
MAT_033,PLANT_03,W03,1335
MAT_033,PLANT_03,W04,1288
MAT_033,PLANT_03,W05,1283
MAT_033,PLANT_03,W06,1461
MAT_033,PLANT_03,W07,1347
MAT_033,PLANT_03,W08,1399
MAT_033,PLANT_03,W09,1496
MAT_033,PLANT_03,W10,1532
MAT_033,PLANT_03,W11,1392
MAT_033,PLANT_03,W12,1395
MAT_033,PLANT_04,W01,1998
MAT_033,PLANT_04,W02,2003
MAT_033,PLANT_04,W03,2011
MAT_033,PLANT_04,W04,1792
MAT_033,PLANT_04,W05,2018
MAT_033,PLANT_04,W06,1866
MAT_033,PLANT_04,W07,1990
MAT_033,PLANT_04,W08,1885
MAT_033,PLANT_04,W09,1963
MAT_033,PLANT_04,W10,2084
MAT_033,PLANT_04,W11,2006
MAT_033,PLANT_04,W12,2124
MAT_033,PLANT_05,W01,1137
MAT_033,PLANT_05,W02,1164
MAT_033,PLANT_05,W03,1245
MAT_033,PLANT_05,W04,1204
MAT_033,PLANT_05,W05,1213
MAT_033,PLANT_05,W06,1174
MAT_033,PLANT_05,W07,1283
MAT_033,PLANT_05,W08,1228
MAT_033,PLANT_05,W09,1193
MAT_033,PLANT_05,W10,1171
MAT_033,PLANT_05,W11,1210
MAT_033,PLANT_05,W12,1313
MAT_034,PLANT_01,W01,1072
MAT_034,PLANT_01,W02,1197
MAT_034,PLANT_01,W03,1091
MAT_034,PLANT_01,W04,1176
MAT_034,PLANT_01,W05,1168
MAT_034,PLANT_01,W06,1289
MAT_034,PLANT_01,W07,1267
MAT_034,PLANT_01,W08,1319
MAT_034,PLANT_01,W09,1177
MAT_034,PLANT_01,W10,1347
MAT_034,PLANT_01,W11,1321
MAT_034,PLANT_01,W12,1257
MAT_034,PLANT_02,W01,1380
MAT_034,PLANT_02,W02,1441
MAT_034,PLANT_02,W03,1501
MAT_034,PLANT_02,W04,1425
MAT_034,PLANT_02,W05,1466
MAT_034,PLANT_02,W06,1370
MAT_034,PLANT_02,W07,1411
MAT_034,PLANT_02,W08,1597
MAT_034,PLANT_02,W09,1524
MAT_034,PLANT_02,W10,1574
MAT_034,PLANT_02,W11,1442
MAT_034,PLANT_02,W12,1654
MAT_034,PLANT_03,W01,1191
MAT_034,PLANT_03,W02,1217
MAT_034,PLANT_03,W03,1186
MAT_034,PLANT_03,W04,1238
MAT_034,PLANT_03,W05,1253
MAT_034,PLANT_03,W06,1321
MAT_034,PLANT_03,W07,1260
MAT_034,PLANT_03,W08,1420
MAT_034,PLANT_03,W09,1341
MAT_034,PLANT_03,W10,1417
MAT_034,PLANT_03,W11,1395
MAT_034,PLANT_03,W12,1459
MAT_034,PLANT_04,W01,2445
MAT_034,PLANT_04,W02,2456
MAT_034,PLANT_04,W03,2485
MAT_034,PLANT_04,W04,2250
MAT_034,PLANT_04,W05,2319
MAT_034,PLANT_04,W06,2365
MAT_034,PLANT_04,W07,2299
MAT_034,PLANT_04,W08,2541
MAT_034,PLANT_04,W09,2493
MAT_034,PLANT_04,W10,2577
MAT_034,PLANT_04,W11,2675
MAT_034,PLANT_04,W12,2635
MAT_034,PLANT_05,W01,1393
MAT_034,PLANT_05,W02,1390
MAT_034,PLANT_05,W03,1598
MAT_034,PLANT_05,W04,1601
MAT_034,PLANT_05,W05,1484
MAT_034,PLANT_05,W06,1551
MAT_034,PLANT_05,W07,1490
MAT_034,PLANT_05,W08,1492
MAT_034,PLANT_05,W09,1603
MAT_034,PLANT_05,W10,1680
MAT_034,PLANT_05,W11,1712
MAT_034,PLANT_05,W12,1601
MAT_035,PLANT_01,W01,2174
MAT_035,PLANT_01,W02,2202
MAT_035,PLANT_01,W03,2070
MAT_035,PLANT_01,W04,2251
MAT_035,PLANT_01,W05,2230
MAT_035,PLANT_01,W06,2217
MAT_035,PLANT_01,W07,2212
MAT_035,PLANT_01,W08,2103
MAT_035,PLANT_01,W09,2098
MAT_035,PLANT_01,W10,2275
MAT_035,PLANT_01,W11,2361
MAT_035,PLANT_01,W12,2210
MAT_035,PLANT_02,W01,2459
MAT_035,PLANT_02,W02,2431
MAT_035,PLANT_02,W03,2473
MAT_035,PLANT_02,W04,2543
MAT_035,PLANT_02,W05,2398
MAT_035,PLANT_02,W06,2425
MAT_035,PLANT_02,W07,2464
MAT_035,PLANT_02,W08,2674
MAT_035,PLANT_02,W09,2687
MAT_035,PLANT_02,W10,2730
MAT_035,PLANT_02,W11,2513
MAT_035,PLANT_02,W12,2728
MAT_035,PLANT_03,W01,769
MAT_035,PLANT_03,W02,765
MAT_035,PLANT_03,W03,901
MAT_035,PLANT_03,W04,862
MAT_035,PLANT_03,W05,871
MAT_035,PLANT_03,W06,881
MAT_035,PLANT_03,W07,889
MAT_035,PLANT_03,W08,851
MAT_035,PLANT_03,W09,834
MAT_035,PLANT_03,W10,851
MAT_035,PLANT_03,W11,952
MAT_035,PLANT_03,W12,878
MAT_035,PLANT_04,W01,2371
MAT_035,PLANT_04,W02,2439
MAT_035,PLANT_04,W03,2340
MAT_035,PLANT_04,W04,2547
MAT_035,PLANT_04,W05,2440
MAT_035,PLANT_04,W06,2336
MAT_035,PLANT_04,W07,2385
MAT_035,PLANT_04,W08,2353
MAT_035,PLANT_04,W09,2654
MAT_035,PLANT_04,W10,2402
MAT_035,PLANT_04,W11,2525
MAT_035,PLANT_04,W12,2607
MAT_035,PLANT_05,W01,2178
MAT_035,PLANT_05,W02,2044
MAT_035,PLANT_05,W03,2070
MAT_035,PLANT_05,W04,2086
MAT_035,PLANT_05,W05,2375
MAT_035,PLANT_05,W06,2226
MAT_035,PLANT_05,W07,2312
MAT_035,PLANT_05,W08,2361
MAT_035,PLANT_05,W09,2447
MAT_035,PLANT_05,W10,2480
MAT_035,PLANT_05,W11,2349
MAT_035,PLANT_05,W12,2493
MAT_036,PLANT_01,W01,1914
MAT_036,PLANT_01,W02,1831
MAT_036,PLANT_01,W03,1834
MAT_036,PLANT_01,W04,1944
MAT_036,PLANT_01,W05,2005
MAT_036,PLANT_01,W06,1983
MAT_036,PLANT_01,W07,1985
MAT_036,PLANT_01,W08,2110
MAT_036,PLANT_01,W09,2106
MAT_036,PLANT_01,W10,2050
MAT_036,PLANT_01,W11,2052
MAT_036,PLANT_01,W12,2185
MAT_036,PLANT_02,W01,727
MAT_036,PLANT_02,W02,666
MAT_036,PLANT_02,W03,706
MAT_036,PLANT_02,W04,763
MAT_036,PLANT_02,W05,668
MAT_036,PLANT_02,W06,714
MAT_036,PLANT_02,W07,764
MAT_036,PLANT_02,W08,794
MAT_036,PLANT_02,W09,717
MAT_036,PLANT_02,W10,753
MAT_036,PLANT_02,W11,810
MAT_036,PLANT_02,W12,806
MAT_036,PLANT_03,W01,1177
MAT_036,PLANT_03,W02,1184
MAT_036,PLANT_03,W03,1234
MAT_036,PLANT_03,W04,1143
MAT_036,PLANT_03,W05,1245
MAT_036,PLANT_03,W06,1188
MAT_036,PLANT_03,W07,1332
MAT_036,PLANT_03,W08,1275
MAT_036,PLANT_03,W09,1340
MAT_036,PLANT_03,W10,1239
MAT_036,PLANT_03,W11,1380
MAT_036,PLANT_03,W12,1424
MAT_036,PLANT_04,W01,2040
MAT_036,PLANT_04,W02,2014
MAT_036,PLANT_04,W03,2016
MAT_036,PLANT_04,W04,1943
MAT_036,PLANT_04,W05,2107
MAT_036,PLANT_04,W06,2275
MAT_036,PLANT_04,W07,2299
MAT_036,PLANT_04,W08,2319
MAT_036,PLANT_04,W09,2086
MAT_036,PLANT_04,W10,2186
MAT_036,PLANT_04,W11,2316
MAT_036,PLANT_04,W12,2360
MAT_036,PLANT_05,W01,967
MAT_036,PLANT_05,W02,889
MAT_036,PLANT_05,W03,899
MAT_036,PLANT_05,W04,961
MAT_036,PLANT_05,W05,959
MAT_036,PLANT_05,W06,994
MAT_036,PLANT_05,W07,984
MAT_036,PLANT_05,W08,1057
MAT_036,PLANT_05,W09,1026
MAT_036,PLANT_05,W10,1103
MAT_036,PLANT_05,W11,1029
MAT_036,PLANT_05,W12,1040
MAT_037,PLANT_01,W01,2058
MAT_037,PLANT_01,W02,2141
MAT_037,PLANT_01,W03,2354
MAT_037,PLANT_01,W04,2377
MAT_037,PLANT_01,W05,2159
MAT_037,PLANT_01,W06,2179
MAT_037,PLANT_01,W07,2423
MAT_037,PLANT_01,W08,2199
MAT_037,PLANT_01,W09,2314
MAT_037,PLANT_01,W10,2487
MAT_037,PLANT_01,W11,2594
MAT_037,PLANT_01,W12,2386
MAT_037,PLANT_02,W01,910
MAT_037,PLANT_02,W02,924
MAT_037,PLANT_02,W03,947
MAT_037,PLANT_02,W04,1023
MAT_037,PLANT_02,W05,978
MAT_037,PLANT_02,W06,1021
MAT_037,PLANT_02,W07,1094
MAT_037,PLANT_02,W08,1058
MAT_037,PLANT_02,W09,986
MAT_037,PLANT_02,W10,1134
MAT_037,PLANT_02,W11,1045
MAT_037,PLANT_02,W12,1111
MAT_037,PLANT_03,W01,1562
MAT_037,PLANT_03,W02,1578
MAT_037,PLANT_03,W03,1637
MAT_037,PLANT_03,W04,1506
MAT_037,PLANT_03,W05,1745
MAT_037,PLANT_03,W06,1612
MAT_037,PLANT_03,W07,1719
MAT_037,PLANT_03,W08,1786
MAT_037,PLANT_03,W09,1651
MAT_037,PLANT_03,W10,1664
MAT_037,PLANT_03,W11,1650
MAT_037,PLANT_03,W12,1743
MAT_037,PLANT_04,W01,947
MAT_037,PLANT_04,W02,931
MAT_037,PLANT_04,W03,967
MAT_037,PLANT_04,W04,900
MAT_037,PLANT_04,W05,1000
MAT_037,PLANT_04,W06,886
MAT_037,PLANT_04,W07,949
MAT_037,PLANT_04,W08,926
MAT_037,PLANT_04,W09,1007
MAT_037,PLANT_04,W10,1009
MAT_037,PLANT_04,W11,1032
MAT_037,PLANT_04,W12,1029
MAT_037,PLANT_05,W01,2234
MAT_037,PLANT_05,W02,2403
MAT_037,PLANT_05,W03,2353
MAT_037,PLANT_05,W04,2242
MAT_037,PLANT_05,W05,2153
MAT_037,PLANT_05,W06,2439
MAT_037,PLANT_05,W07,2308
MAT_037,PLANT_05,W08,2538
MAT_037,PLANT_05,W09,2537
MAT_037,PLANT_05,W10,2542
MAT_037,PLANT_05,W11,2598
MAT_037,PLANT_05,W12,2350
MAT_038,PLANT_01,W01,1472
MAT_038,PLANT_01,W02,1631
MAT_038,PLANT_01,W03,1545
MAT_038,PLANT_01,W04,1627
MAT_038,PLANT_01,W05,1645
MAT_038,PLANT_01,W06,1706
MAT_038,PLANT_01,W07,1704
MAT_038,PLANT_01,W08,1597
MAT_038,PLANT_01,W09,1771
MAT_038,PLANT_01,W10,1765
MAT_038,PLANT_01,W11,1873
MAT_038,PLANT_01,W12,1766
MAT_038,PLANT_02,W01,2043
MAT_038,PLANT_02,W02,2126
MAT_038,PLANT_02,W03,2124
MAT_038,PLANT_02,W04,2058
MAT_038,PLANT_02,W05,2218
MAT_038,PLANT_02,W06,2053
MAT_038,PLANT_02,W07,2178
MAT_038,PLANT_02,W08,2218
MAT_038,PLANT_02,W09,2340
MAT_038,PLANT_02,W10,2263
MAT_038,PLANT_02,W11,2250
MAT_038,PLANT_02,W12,2349
MAT_038,PLANT_03,W01,1617
MAT_038,PLANT_03,W02,1555
MAT_038,PLANT_03,W03,1686
MAT_038,PLANT_03,W04,1731
MAT_038,PLANT_03,W05,1820
MAT_038,PLANT_03,W06,1587
MAT_038,PLANT_03,W07,1612
MAT_038,PLANT_03,W08,1787
MAT_038,PLANT_03,W09,1675
MAT_038,PLANT_03,W10,1884
MAT_038,PLANT_03,W11,1890
MAT_038,PLANT_03,W12,1961
MAT_038,PLANT_04,W01,1341
MAT_038,PLANT_04,W02,1429
MAT_038,PLANT_04,W03,1552
MAT_038,PLANT_04,W04,1432
MAT_038,PLANT_04,W05,1549
MAT_038,PLANT_04,W06,1577
MAT_038,PLANT_04,W07,1494
MAT_038,PLANT_04,W08,1468
MAT_038,PLANT_04,W09,1539
MAT_038,PLANT_04,W10,1614
MAT_038,PLANT_04,W11,1682
MAT_038,PLANT_04,W12,1548
MAT_038,PLANT_05,W01,1249
MAT_038,PLANT_05,W02,1343
MAT_038,PLANT_05,W03,1336
MAT_038,PLANT_05,W04,1231
MAT_038,PLANT_05,W05,1277
MAT_038,PLANT_05,W06,1324
MAT_038,PLANT_05,W07,1341
MAT_038,PLANT_05,W08,1425
MAT_038,PLANT_05,W09,1490
MAT_038,PLANT_05,W10,1481
MAT_038,PLANT_05,W11,1465
MAT_038,PLANT_05,W12,1447
MAT_039,PLANT_01,W01,1872
MAT_039,PLANT_01,W02,2016
MAT_039,PLANT_01,W03,2048
MAT_039,PLANT_01,W04,1940
MAT_039,PLANT_01,W05,2069
MAT_039,PLANT_01,W06,2125
MAT_039,PLANT_01,W07,1885
MAT_039,PLANT_01,W08,2048
MAT_039,PLANT_01,W09,2084
MAT_039,PLANT_01,W10,2141
MAT_039,PLANT_01,W11,2126
MAT_039,PLANT_01,W12,1987
MAT_039,PLANT_02,W01,1834
MAT_039,PLANT_02,W02,1888
MAT_039,PLANT_02,W03,1935
MAT_039,PLANT_02,W04,1804
MAT_039,PLANT_02,W05,2001
MAT_039,PLANT_02,W06,1826
MAT_039,PLANT_02,W07,1776
MAT_039,PLANT_02,W08,2069
MAT_039,PLANT_02,W09,1989
MAT_039,PLANT_02,W10,2072
MAT_039,PLANT_02,W11,2016
MAT_039,PLANT_02,W12,1985
MAT_039,PLANT_03,W01,1706
MAT_039,PLANT_03,W02,1921
MAT_039,PLANT_03,W03,1805
MAT_039,PLANT_03,W04,1987
MAT_039,PLANT_03,W05,1966
MAT_039,PLANT_03,W06,1860
MAT_039,PLANT_03,W07,1828
MAT_039,PLANT_03,W08,2080
MAT_039,PLANT_03,W09,1955
MAT_039,PLANT_03,W10,2110
MAT_039,PLANT_03,W11,1978
MAT_039,PLANT_03,W12,2065
MAT_039,PLANT_04,W01,898
MAT_039,PLANT_04,W02,1013
MAT_039,PLANT_04,W03,1023
MAT_039,PLANT_04,W04,1055
MAT_039,PLANT_04,W05,995
MAT_039,PLANT_04,W06,942
MAT_039,PLANT_04,W07,1024
MAT_039,PLANT_04,W08,1038
MAT_039,PLANT_04,W09,1002
MAT_039,PLANT_04,W10,1126
MAT_039,PLANT_04,W11,1108
MAT_039,PLANT_04,W12,1088
MAT_039,PLANT_05,W01,2127
MAT_039,PLANT_05,W02,2308
MAT_039,PLANT_05,W03,2099
MAT_039,PLANT_05,W04,2435
MAT_039,PLANT_05,W05,2298
MAT_039,PLANT_05,W06,2491
MAT_039,PLANT_05,W07,2242
MAT_039,PLANT_05,W08,2209
MAT_039,PLANT_05,W09,2358
MAT_039,PLANT_05,W10,2552
MAT_039,PLANT_05,W11,2316
MAT_039,PLANT_05,W12,2410
MAT_040,PLANT_01,W01,710
MAT_040,PLANT_01,W02,708
MAT_040,PLANT_01,W03,660
MAT_040,PLANT_01,W04,711
MAT_040,PLANT_01,W05,673
MAT_040,PLANT_01,W06,733
MAT_040,PLANT_01,W07,757
MAT_040,PLANT_01,W08,727
MAT_040,PLANT_01,W09,764
MAT_040,PLANT_01,W10,743
MAT_040,PLANT_01,W11,816
MAT_040,PLANT_01,W12,761
MAT_040,PLANT_02,W01,960
MAT_040,PLANT_02,W02,1011
MAT_040,PLANT_02,W03,1061
MAT_040,PLANT_02,W04,1056
MAT_040,PLANT_02,W05,1005
MAT_040,PLANT_02,W06,999
MAT_040,PLANT_02,W07,1004
MAT_040,PLANT_02,W08,1150
MAT_040,PLANT_02,W09,1098
MAT_040,PLANT_02,W10,1038
MAT_040,PLANT_02,W11,1120
MAT_040,PLANT_02,W12,1133
MAT_040,PLANT_03,W01,1088
MAT_040,PLANT_03,W02,1206
MAT_040,PLANT_03,W03,1142
MAT_040,PLANT_03,W04,1149
MAT_040,PLANT_03,W05,1131
MAT_040,PLANT_03,W06,1245
MAT_040,PLANT_03,W07,1208
MAT_040,PLANT_03,W08,1241
MAT_040,PLANT_03,W09,1197
MAT_040,PLANT_03,W10,1274
MAT_040,PLANT_03,W11,1326
MAT_040,PLANT_03,W12,1234
MAT_040,PLANT_04,W01,662
MAT_040,PLANT_04,W02,706
MAT_040,PLANT_04,W03,750
MAT_040,PLANT_04,W04,780
MAT_040,PLANT_04,W05,758
MAT_040,PLANT_04,W06,774
MAT_040,PLANT_04,W07,754
MAT_040,PLANT_04,W08,753
MAT_040,PLANT_04,W09,759
MAT_040,PLANT_04,W10,752
MAT_040,PLANT_04,W11,824
MAT_040,PLANT_04,W12,838
MAT_040,PLANT_05,W01,817
MAT_040,PLANT_05,W02,800
MAT_040,PLANT_05,W03,774
MAT_040,PLANT_05,W04,742
MAT_040,PLANT_05,W05,834
MAT_040,PLANT_05,W06,856
MAT_040,PLANT_05,W07,810
MAT_040,PLANT_05,W08,818
MAT_040,PLANT_05,W09,855
MAT_040,PLANT_05,W10,867
MAT_040,PLANT_05,W11,846
MAT_040,PLANT_05,W12,827
